User: USER,Path: C:\Program Files (x86)\BMG\Omega\User\Data\,Test run no.: 199
Test name: Ilya T20 - 10 Toxin Gradations,Date: 9/5/2020,Time: 12:32:37 AM

ID1: 009,ID2: Wizard script `T20`, Prot.1, Plate 7, Saturday, September 5, 2020 12:12:36 AM,
Absorbance

Raw Data (600)

,1,2,3,4,5,6,7,8,9,10,11,12,
A,,,,,,,,,,,,
B,,1.321,1.367,1.347,1.353,1.408,1.364,1.384,1.42,1.429,1.415,
C,,1.289,1.327,1.357,1.349,1.292,1.282,1.289,1.36,1.346,1.457,
D,,1.263,1.309,1.321,1.28,1.367,1.313,1.359,1.384,1.367,1.39,
E,,1.264,1.295,1.288,1.301,1.348,1.308,1.351,1.351,1.405,1.359,
F,,1.237,1.256,1.249,1.238,1.294,1.29,1.269,1.325,1.327,1.32,
G,,1.242,1.28,1.273,1.276,1.3,1.252,1.336,1.297,1.333,1.346,
H,,,,,,,,,,,,

Cycle 2 (0 h 26 min)
Raw Data (600)

,1,2,3,4,5,6,7,8,9,10,11,12,
A,,,,,,,,,,,,
B,,1.303,1.339,1.341,1.359,1.395,1.331,1.337,1.399,1.399,1.402,
C,,1.276,1.323,1.342,1.329,1.269,1.264,1.248,1.313,1.308,1.424,
D,,1.259,1.3,1.323,1.279,1.363,1.309,1.35,1.363,1.35,1.352,
E,,1.239,1.274,1.259,1.29,1.315,1.293,1.331,1.335,1.36,1.342,
F,,1.224,1.252,1.237,1.212,1.279,1.286,1.256,1.304,1.293,1.318,
G,,1.235,1.261,1.259,1.24,1.291,1.252,1.31,1.286,1.314,1.341,
H,,,,,,,,,,,,

Cycle 3 (0 h 52 min)
Raw Data (600)

,1,2,3,4,5,6,7,8,9,10,11,12,
A,,,,,,,,,,,,
B,,1.306,1.338,1.324,1.35,1.383,1.341,1.326,1.372,1.389,1.395,
C,,1.295,1.338,1.344,1.336,1.265,1.254,1.228,1.306,1.303,1.43,
D,,1.26,1.301,1.323,1.278,1.353,1.315,1.339,1.339,1.341,1.354,
E,,1.255,1.274,1.273,1.291,1.306,1.297,1.335,1.335,1.364,1.351,
F,,1.221,1.258,1.245,1.209,1.284,1.295,1.246,1.313,1.289,1.325,
G,,1.242,1.253,1.267,1.241,1.283,1.25,1.308,1.286,1.313,1.339,
H,,,,,,,,,,,,

Cycle 4 (1 h 17 min)
Raw Data (600)

,1,2,3,4,5,6,7,8,9,10,11,12,
A,,,,,,,,,,,,
B,,1.304,1.324,1.323,1.347,1.377,1.342,1.329,1.372,1.398,1.398,
C,,1.291,1.337,1.343,1.339,1.264,1.257,1.221,1.297,1.304,1.423,
D,,1.26,1.298,1.327,1.286,1.351,1.313,1.331,1.341,1.343,1.349,
E,,1.251,1.276,1.267,1.289,1.307,1.3,1.326,1.331,1.361,1.353,
F,,1.216,1.253,1.254,1.213,1.272,1.29,1.24,1.304,1.284,1.329,
G,,1.247,1.259,1.268,1.235,1.281,1.246,1.304,1.283,1.304,1.343,
H,,,,,,,,,,,,

Cycle 5 (1 h 43 min)
Raw Data (600)

,1,2,3,4,5,6,7,8,9,10,11,12,
A,,,,,,,,,,,,
B,,1.302,1.326,1.332,1.334,1.371,1.347,1.324,1.412,1.398,1.406,
C,,1.287,1.335,1.346,1.331,1.255,1.263,1.211,1.298,1.301,1.445,
D,,1.27,1.31,1.331,1.291,1.347,1.312,1.335,1.335,1.344,1.357,
E,,1.253,1.288,1.274,1.289,1.306,1.297,1.325,1.331,1.357,1.349,
F,,1.217,1.263,1.244,1.215,1.273,1.281,1.238,1.298,1.281,1.329,
G,,1.253,1.28,1.267,1.271,1.28,1.262,1.287,1.284,1.305,1.342,
H,,,,,,,,,,,,

Cycle 6 (2 h 9 min)
Raw Data (600)

,1,2,3,4,5,6,7,8,9,10,11,12,
A,,,,,,,,,,,,
B,,1.3,1.323,1.322,1.342,1.365,1.344,1.328,1.407,1.395,1.405,
C,,1.289,1.337,1.341,1.332,1.263,1.26,1.216,1.294,1.301,1.433,
D,,1.271,1.302,1.336,1.289,1.348,1.317,1.335,1.338,1.345,1.361,
E,,1.254,1.289,1.281,1.295,1.309,1.303,1.333,1.335,1.36,1.356,
F,,1.221,1.264,1.247,1.212,1.274,1.28,1.234,1.303,1.283,1.334,
G,,1.259,1.282,1.27,1.271,1.269,1.26,1.287,1.277,1.304,1.345,
H,,,,,,,,,,,,

Cycle 7 (2 h 35 min)
Raw Data (600)

,1,2,3,4,5,6,7,8,9,10,11,12,
A,,,,,,,,,,,,
B,,1.301,1.32,1.335,1.339,1.356,1.338,1.314,1.377,1.399,1.409,
C,,1.294,1.335,1.344,1.329,1.249,1.265,1.23,1.295,1.303,1.435,
D,,1.272,1.311,1.335,1.293,1.35,1.316,1.334,1.344,1.345,1.362,
E,,1.25,1.295,1.285,1.3,1.315,1.3,1.332,1.34,1.359,1.352,
F,,1.214,1.265,1.247,1.212,1.274,1.286,1.234,1.297,1.283,1.331,
G,,1.253,1.291,1.277,1.268,1.269,1.261,1.279,1.272,1.302,1.338,
H,,,,,,,,,,,,

Cycle 8 (3 h)
Raw Data (600)

,1,2,3,4,5,6,7,8,9,10,11,12,
A,,,,,,,,,,,,
B,,1.307,1.322,1.318,1.337,1.358,1.341,1.323,1.365,1.403,1.41,
C,,1.291,1.336,1.346,1.339,1.25,1.277,1.224,1.305,1.31,1.436,
D,,1.277,1.316,1.345,1.292,1.349,1.321,1.337,1.35,1.352,1.374,
E,,1.255,1.296,1.288,1.301,1.32,1.306,1.337,1.347,1.363,1.357,
F,,1.217,1.267,1.243,1.213,1.284,1.281,1.238,1.299,1.285,1.329,
G,,1.253,1.29,1.279,1.27,1.271,1.255,1.283,1.278,1.305,1.353,
H,,,,,,,,,,,,

Cycle 9 (3 h 26 min)
Raw Data (600)

,1,2,3,4,5,6,7,8,9,10,11,12,
A,,,,,,,,,,,,
B,,1.304,1.326,1.324,1.335,1.357,1.342,1.327,1.367,1.409,1.41,
C,,1.299,1.343,1.347,1.336,1.247,1.26,1.216,1.309,1.306,1.454,
D,,1.277,1.323,1.348,1.306,1.357,1.326,1.34,1.353,1.357,1.365,
E,,1.255,1.3,1.293,1.311,1.323,1.308,1.341,1.36,1.371,1.36,
F,,1.216,1.263,1.246,1.224,1.271,1.281,1.241,1.3,1.281,1.319,
G,,1.257,1.292,1.278,1.266,1.27,1.257,1.284,1.277,1.3,1.358,
H,,,,,,,,,,,,

Cycle 10 (3 h 52 min)
Raw Data (600)

,1,2,3,4,5,6,7,8,9,10,11,12,
A,,,,,,,,,,,,
B,,1.31,1.321,1.321,1.338,1.359,1.338,1.331,1.363,1.397,1.412,
C,,1.295,1.336,1.347,1.338,1.244,1.275,1.212,1.298,1.306,1.453,
D,,1.278,1.322,1.355,1.314,1.355,1.326,1.353,1.357,1.363,1.373,
E,,1.253,1.304,1.297,1.299,1.324,1.308,1.342,1.359,1.369,1.352,
F,,1.219,1.269,1.246,1.227,1.276,1.28,1.239,1.3,1.289,1.331,
G,,1.266,1.297,1.279,1.269,1.273,1.252,1.287,1.28,1.302,1.351,
H,,,,,,,,,,,,

Cycle 11 (4 h 18 min)
Raw Data (600)

,1,2,3,4,5,6,7,8,9,10,11,12,
A,,,,,,,,,,,,
B,,1.307,1.321,1.322,1.335,1.359,1.34,1.321,1.421,1.389,1.406,
C,,1.302,1.34,1.355,1.34,1.25,1.272,1.212,1.303,1.313,1.447,
D,,1.279,1.323,1.355,1.317,1.355,1.329,1.352,1.362,1.363,1.369,
E,,1.258,1.308,1.296,1.309,1.327,1.309,1.35,1.36,1.368,1.357,
F,,1.221,1.269,1.244,1.22,1.273,1.278,1.244,1.298,1.286,1.335,
G,,1.258,1.296,1.279,1.27,1.277,1.25,1.287,1.278,1.299,1.346,
H,,,,,,,,,,,,

Cycle 12 (4 h 43 min)
Raw Data (600)

,1,2,3,4,5,6,7,8,9,10,11,12,
A,,,,,,,,,,,,
B,,1.318,1.332,1.34,1.353,1.371,1.33,1.341,1.387,1.412,1.432,
C,,1.321,1.35,1.359,1.354,1.258,1.282,1.235,1.324,1.325,1.453,
D,,1.285,1.326,1.369,1.328,1.383,1.342,1.371,1.38,1.395,1.385,
E,,1.266,1.317,1.306,1.318,1.332,1.318,1.358,1.373,1.388,1.373,
F,,1.222,1.28,1.264,1.228,1.284,1.274,1.255,1.306,1.312,1.345,
G,,1.26,1.308,1.291,1.27,1.279,1.261,1.288,1.292,1.332,1.351,
H,,,,,,,,,,,,

Cycle 13 (5 h 9 min)
Raw Data (600)

,1,2,3,4,5,6,7,8,9,10,11,12,
A,,,,,,,,,,,,
B,,1.319,1.329,1.336,1.35,1.368,1.331,1.342,1.373,1.405,1.437,
C,,1.326,1.351,1.364,1.358,1.259,1.297,1.24,1.319,1.33,1.452,
D,,1.292,1.33,1.368,1.332,1.378,1.347,1.371,1.385,1.397,1.382,
E,,1.272,1.318,1.309,1.315,1.34,1.324,1.359,1.374,1.384,1.371,
F,,1.23,1.282,1.259,1.238,1.284,1.274,1.261,1.313,1.312,1.342,
G,,1.264,1.311,1.292,1.272,1.285,1.256,1.302,1.298,1.328,1.367,
H,,,,,,,,,,,,

Cycle 14 (5 h 35 min)
Raw Data (600)

,1,2,3,4,5,6,7,8,9,10,11,12,
A,,,,,,,,,,,,
B,,1.321,1.33,1.338,1.354,1.37,1.337,1.337,1.391,1.41,1.443,
C,,1.328,1.362,1.374,1.364,1.27,1.294,1.233,1.321,1.333,1.468,
D,,1.299,1.323,1.383,1.346,1.386,1.363,1.387,1.384,1.403,1.386,
E,,1.276,1.322,1.312,1.328,1.341,1.329,1.362,1.373,1.383,1.384,
F,,1.228,1.283,1.266,1.237,1.292,1.281,1.271,1.317,1.315,1.349,
G,,1.265,1.315,1.3,1.287,1.289,1.261,1.306,1.302,1.334,1.365,
H,,,,,,,,,,,,

Cycle 15 (6 h 1 min)
Raw Data (600)

,1,2,3,4,5,6,7,8,9,10,11,12,
A,,,,,,,,,,,,
B,,1.33,1.339,1.349,1.36,1.384,1.35,1.354,1.412,1.423,1.447,
C,,1.322,1.353,1.369,1.361,1.26,1.291,1.237,1.308,1.324,1.437,
D,,1.289,1.329,1.368,1.326,1.377,1.352,1.368,1.383,1.391,1.381,
E,,1.278,1.32,1.318,1.332,1.342,1.332,1.359,1.372,1.393,1.383,
F,,1.22,1.283,1.26,1.238,1.284,1.284,1.26,1.314,1.317,1.35,
G,,1.265,1.314,1.292,1.281,1.286,1.267,1.286,1.28,1.315,1.351,
H,,,,,,,,,,,,

Cycle 16 (6 h 26 min)
Raw Data (600)

,1,2,3,4,5,6,7,8,9,10,11,12,
A,,,,,,,,,,,,
B,,1.326,1.329,1.341,1.359,1.382,1.345,1.36,1.413,1.421,1.438,
C,,1.323,1.353,1.373,1.356,1.258,1.293,1.239,1.311,1.318,1.449,
D,,1.297,1.318,1.373,1.336,1.376,1.36,1.375,1.392,1.404,1.39,
E,,1.281,1.325,1.321,1.346,1.345,1.335,1.364,1.38,1.386,1.377,
F,,1.218,1.283,1.267,1.242,1.276,1.29,1.262,1.317,1.322,1.351,
G,,1.253,1.315,1.276,1.272,1.283,1.255,1.28,1.288,1.311,1.343,
H,,,,,,,,,,,,

Cycle 17 (6 h 52 min)
Raw Data (600)

,1,2,3,4,5,6,7,8,9,10,11,12,
A,,,,,,,,,,,,
B,,1.33,1.328,1.342,1.359,1.384,1.347,1.349,1.415,1.431,1.43,
C,,1.323,1.352,1.371,1.358,1.263,1.302,1.241,1.305,1.322,1.433,
D,,1.295,1.316,1.377,1.346,1.377,1.368,1.375,1.389,1.399,1.387,
E,,1.287,1.327,1.321,1.344,1.355,1.341,1.37,1.382,1.398,1.383,
F,,1.221,1.284,1.273,1.241,1.288,1.289,1.264,1.317,1.33,1.342,
G,,1.257,1.309,1.28,1.272,1.289,1.257,1.281,1.296,1.318,1.361,
H,,,,,,,,,,,,

Cycle 18 (7 h 18 min)
Raw Data (600)

,1,2,3,4,5,6,7,8,9,10,11,12,
A,,,,,,,,,,,,
B,,1.325,1.326,1.339,1.358,1.385,1.344,1.361,1.42,1.429,1.433,
C,,1.323,1.352,1.371,1.355,1.257,1.302,1.234,1.314,1.313,1.438,
D,,1.292,1.318,1.38,1.347,1.38,1.37,1.379,1.378,1.4,1.397,
E,,1.289,1.329,1.324,1.343,1.354,1.339,1.364,1.379,1.388,1.385,
F,,1.222,1.286,1.267,1.247,1.28,1.291,1.269,1.321,1.331,1.345,
G,,1.253,1.298,1.281,1.279,1.295,1.263,1.278,1.284,1.311,1.353,
H,,,,,,,,,,,,

Cycle 19 (7 h 44 min)
Raw Data (600)

,1,2,3,4,5,6,7,8,9,10,11,12,
A,,,,,,,,,,,,
B,,1.329,1.326,1.339,1.357,1.384,1.346,1.361,1.418,1.422,1.437,
C,,1.326,1.356,1.372,1.369,1.259,1.298,1.237,1.309,1.317,1.436,
D,,1.302,1.321,1.382,1.342,1.382,1.369,1.378,1.382,1.403,1.393,
E,,1.294,1.332,1.325,1.348,1.348,1.34,1.369,1.388,1.394,1.385,
F,,1.228,1.286,1.271,1.246,1.29,1.288,1.27,1.319,1.333,1.345,
G,,1.252,1.308,1.279,1.276,1.289,1.263,1.282,1.284,1.305,1.355,
H,,,,,,,,,,,,

Cycle 20 (8 h 9 min)
Raw Data (600)

,1,2,3,4,5,6,7,8,9,10,11,12,
A,,,,,,,,,,,,
B,,1.331,1.33,1.339,1.355,1.379,1.347,1.354,1.41,1.423,1.438,
C,,1.329,1.355,1.375,1.357,1.257,1.291,1.235,1.308,1.315,1.433,
D,,1.304,1.321,1.386,1.338,1.383,1.361,1.377,1.393,1.409,1.394,
E,,1.3,1.331,1.329,1.341,1.352,1.344,1.365,1.379,1.385,1.369,
F,,1.23,1.289,1.268,1.246,1.288,1.289,1.269,1.319,1.329,1.356,
G,,1.26,1.3,1.28,1.281,1.282,1.262,1.279,1.285,1.304,1.352,
H,,,,,,,,,,,,

Cycle 21 (8 h 35 min)
Raw Data (600)

,1,2,3,4,5,6,7,8,9,10,11,12,
A,,,,,,,,,,,,
B,,1.324,1.327,1.338,1.354,1.389,1.341,1.362,1.41,1.426,1.443,
C,,1.331,1.353,1.373,1.358,1.252,1.274,1.23,1.312,1.31,1.433,
D,,1.306,1.32,1.381,1.331,1.378,1.351,1.375,1.388,1.403,1.395,
E,,1.292,1.331,1.329,1.349,1.348,1.339,1.36,1.376,1.375,1.375,
F,,1.235,1.285,1.269,1.247,1.284,1.289,1.266,1.317,1.325,1.346,
G,,1.266,1.294,1.274,1.276,1.277,1.264,1.27,1.278,1.321,1.348,
H,,,,,,,,,,,,

Cycle 22 (9 h 1 min)
Raw Data (600)

,1,2,3,4,5,6,7,8,9,10,11,12,
A,,,,,,,,,,,,
B,,1.329,1.328,1.34,1.358,1.381,1.338,1.348,1.411,1.419,1.434,
C,,1.333,1.353,1.373,1.356,1.254,1.288,1.232,1.306,1.313,1.444,
D,,1.305,1.322,1.383,1.337,1.382,1.349,1.381,1.379,1.4,1.401,
E,,1.301,1.335,1.332,1.351,1.352,1.343,1.365,1.38,1.389,1.417,
F,,1.236,1.288,1.269,1.25,1.284,1.291,1.273,1.312,1.327,1.352,
G,,1.262,1.293,1.276,1.282,1.289,1.254,1.282,1.29,1.3,1.351,
H,,,,,,,,,,,,

Cycle 23 (9 h 27 min)
Raw Data (600)

,1,2,3,4,5,6,7,8,9,10,11,12,
A,,,,,,,,,,,,
B,,1.33,1.328,1.339,1.354,1.374,1.344,1.351,1.404,1.423,1.433,
C,,1.334,1.358,1.369,1.356,1.253,1.28,1.229,1.306,1.309,1.432,
D,,1.305,1.321,1.385,1.339,1.383,1.35,1.375,1.393,1.404,1.392,
E,,1.306,1.332,1.332,1.35,1.352,1.341,1.365,1.379,1.389,1.369,
F,,1.233,1.288,1.273,1.257,1.289,1.29,1.269,1.318,1.32,1.355,
G,,1.258,1.303,1.277,1.277,1.28,1.252,1.278,1.279,1.298,1.351,
H,,,,,,,,,,,,

Cycle 24 (9 h 52 min)
Raw Data (600)

,1,2,3,4,5,6,7,8,9,10,11,12,
A,,,,,,,,,,,,
B,,1.329,1.327,1.338,1.356,1.38,1.347,1.349,1.407,1.417,1.435,
C,,1.33,1.355,1.377,1.352,1.256,1.285,1.234,1.307,1.312,1.428,
D,,1.306,1.319,1.385,1.334,1.381,1.347,1.381,1.383,1.405,1.401,
E,,1.296,1.33,1.333,1.357,1.353,1.342,1.363,1.379,1.392,1.383,
F,,1.228,1.286,1.267,1.253,1.285,1.288,1.27,1.316,1.321,1.356,
G,,1.26,1.3,1.273,1.281,1.283,1.252,1.284,1.284,1.304,1.345,
H,,,,,,,,,,,,

Cycle 25 (10 h 18 min)
Raw Data (600)

,1,2,3,4,5,6,7,8,9,10,11,12,
A,,,,,,,,,,,,
B,,1.331,1.326,1.337,1.356,1.388,1.347,1.359,1.414,1.418,1.429,
C,,1.329,1.357,1.369,1.36,1.253,1.286,1.239,1.307,1.311,1.429,
D,,1.311,1.323,1.384,1.333,1.38,1.346,1.384,1.385,1.405,1.405,
E,,1.3,1.334,1.335,1.359,1.355,1.35,1.37,1.38,1.393,1.384,
F,,1.236,1.282,1.274,1.257,1.296,1.29,1.272,1.318,1.325,1.354,
G,,1.265,1.302,1.272,1.277,1.282,1.254,1.282,1.289,1.304,1.346,
H,,,,,,,,,,,,

Cycle 26 (10 h 44 min)
Raw Data (600)

,1,2,3,4,5,6,7,8,9,10,11,12,
A,,,,,,,,,,,,
B,,1.326,1.327,1.338,1.35,1.381,1.342,1.344,1.41,1.416,1.44,
C,,1.332,1.349,1.371,1.352,1.252,1.275,1.23,1.303,1.307,1.429,
D,,1.314,1.318,1.386,1.336,1.378,1.347,1.379,1.387,1.404,1.399,
E,,1.304,1.331,1.329,1.355,1.358,1.346,1.37,1.376,1.379,1.389,
F,,1.239,1.288,1.272,1.254,1.285,1.287,1.276,1.315,1.325,1.354,
G,,1.267,1.291,1.272,1.281,1.286,1.254,1.283,1.283,1.306,1.35,
H,,,,,,,,,,,,

Cycle 27 (11 h 10 min)
Raw Data (600)

,1,2,3,4,5,6,7,8,9,10,11,12,
A,,,,,,,,,,,,
B,,1.332,1.327,1.341,1.353,1.378,1.341,1.348,1.409,1.416,1.437,
C,,1.33,1.349,1.37,1.352,1.25,1.273,1.231,1.307,1.308,1.429,
D,,1.319,1.315,1.39,1.333,1.376,1.343,1.379,1.397,1.404,1.395,
E,,1.306,1.334,1.33,1.357,1.353,1.346,1.362,1.378,1.396,1.387,
F,,1.236,1.286,1.27,1.254,1.292,1.288,1.275,1.311,1.323,1.355,
G,,1.268,1.297,1.27,1.282,1.284,1.25,1.283,1.283,1.313,1.355,
H,,,,,,,,,,,,

Cycle 28 (11 h 35 min)
Raw Data (600)

,1,2,3,4,5,6,7,8,9,10,11,12,
A,,,,,,,,,,,,
B,,1.33,1.329,1.345,1.351,1.376,1.344,1.358,1.403,1.415,1.434,
C,,1.331,1.351,1.373,1.355,1.248,1.282,1.232,1.306,1.307,1.427,
D,,1.316,1.316,1.386,1.328,1.379,1.351,1.381,1.404,1.406,1.395,
E,,1.31,1.332,1.329,1.353,1.352,1.346,1.364,1.371,1.375,1.367,
F,,1.236,1.287,1.275,1.257,1.293,1.295,1.276,1.316,1.314,1.355,
G,,1.267,1.302,1.27,1.277,1.285,1.251,1.28,1.28,1.298,1.345,
H,,,,,,,,,,,,

Cycle 29 (12 h 1 min)
Raw Data (600)

,1,2,3,4,5,6,7,8,9,10,11,12,
A,,,,,,,,,,,,
B,,1.326,1.331,1.341,1.352,1.383,1.345,1.355,1.413,1.416,1.439,
C,,1.333,1.346,1.369,1.352,1.249,1.273,1.232,1.302,1.306,1.428,
D,,1.324,1.313,1.388,1.327,1.378,1.354,1.381,1.395,1.411,1.401,
E,,1.313,1.334,1.328,1.355,1.351,1.347,1.366,1.379,1.391,1.375,
F,,1.239,1.287,1.272,1.262,1.293,1.288,1.276,1.317,1.315,1.351,
G,,1.272,1.308,1.271,1.28,1.283,1.252,1.28,1.279,1.31,1.351,
H,,,,,,,,,,,,

Cycle 30 (12 h 27 min)
Raw Data (600)

,1,2,3,4,5,6,7,8,9,10,11,12,
A,,,,,,,,,,,,
B,,1.326,1.325,1.341,1.351,1.374,1.332,1.354,1.408,1.418,1.435,
C,,1.333,1.348,1.365,1.358,1.252,1.276,1.23,1.303,1.306,1.428,
D,,1.32,1.315,1.387,1.329,1.378,1.35,1.383,1.389,1.409,1.401,
E,,1.312,1.333,1.331,1.358,1.349,1.351,1.363,1.379,1.405,1.381,
F,,1.239,1.284,1.271,1.258,1.287,1.29,1.279,1.315,1.319,1.358,
G,,1.275,1.296,1.273,1.277,1.278,1.244,1.28,1.278,1.301,1.348,
H,,,,,,,,,,,,

Cycle 31 (12 h 53 min)
Raw Data (600)

,1,2,3,4,5,6,7,8,9,10,11,12,
A,,,,,,,,,,,,
B,,1.33,1.324,1.34,1.349,1.382,1.347,1.355,1.415,1.409,1.433,
C,,1.329,1.35,1.371,1.357,1.248,1.277,1.23,1.301,1.3,1.433,
D,,1.323,1.311,1.385,1.326,1.38,1.348,1.383,1.387,1.419,1.399,
E,,1.308,1.335,1.329,1.355,1.353,1.348,1.371,1.378,1.388,1.378,
F,,1.238,1.286,1.269,1.253,1.282,1.29,1.274,1.311,1.32,1.356,
G,,1.267,1.323,1.272,1.272,1.271,1.249,1.278,1.276,1.309,1.365,
H,,,,,,,,,,,,

Cycle 32 (13 h 18 min)
Raw Data (600)

,1,2,3,4,5,6,7,8,9,10,11,12,
A,,,,,,,,,,,,
B,,1.324,1.329,1.34,1.351,1.373,1.341,1.352,1.409,1.416,1.424,
C,,1.334,1.344,1.366,1.365,1.244,1.273,1.229,1.297,1.304,1.426,
D,,1.322,1.316,1.387,1.335,1.385,1.349,1.383,1.389,1.418,1.395,
E,,1.314,1.338,1.335,1.359,1.356,1.354,1.367,1.38,1.393,1.375,
F,,1.24,1.287,1.277,1.262,1.291,1.299,1.279,1.303,1.319,1.354,
G,,1.268,1.302,1.273,1.275,1.273,1.242,1.286,1.288,1.307,1.34,
H,,,,,,,,,,,,

Cycle 33 (13 h 44 min)
Raw Data (600)

,1,2,3,4,5,6,7,8,9,10,11,12,
A,,,,,,,,,,,,
B,,1.327,1.326,1.339,1.353,1.377,1.335,1.356,1.408,1.416,1.428,
C,,1.332,1.341,1.366,1.36,1.252,1.273,1.236,1.309,1.303,1.424,
D,,1.328,1.327,1.387,1.33,1.388,1.355,1.387,1.402,1.419,1.394,
E,,1.311,1.34,1.333,1.361,1.353,1.352,1.371,1.379,1.395,1.369,
F,,1.234,1.287,1.275,1.264,1.29,1.293,1.279,1.304,1.322,1.347,
G,,1.267,1.313,1.273,1.275,1.272,1.242,1.284,1.285,1.313,1.349,
H,,,,,,,,,,,,

Cycle 34 (14 h 10 min)
Raw Data (600)

,1,2,3,4,5,6,7,8,9,10,11,12,
A,,,,,,,,,,,,
B,,1.326,1.324,1.338,1.351,1.371,1.335,1.351,1.41,1.408,1.425,
C,,1.333,1.338,1.363,1.357,1.257,1.282,1.234,1.304,1.302,1.421,
D,,1.327,1.312,1.387,1.33,1.385,1.354,1.389,1.403,1.414,1.395,
E,,1.313,1.339,1.335,1.361,1.352,1.353,1.381,1.38,1.39,1.373,
F,,1.239,1.288,1.276,1.267,1.29,1.293,1.28,1.304,1.323,1.352,
G,,1.271,1.309,1.268,1.272,1.269,1.242,1.284,1.287,1.308,1.351,
H,,,,,,,,,,,,

Cycle 35 (14 h 36 min)
Raw Data (600)

,1,2,3,4,5,6,7,8,9,10,11,12,
A,,,,,,,,,,,,
B,,1.319,1.323,1.339,1.347,1.372,1.336,1.347,1.407,1.413,1.424,
C,,1.331,1.337,1.361,1.353,1.245,1.271,1.234,1.306,1.303,1.425,
D,,1.326,1.314,1.387,1.329,1.38,1.345,1.39,1.396,1.414,1.391,
E,,1.318,1.337,1.329,1.359,1.349,1.352,1.371,1.382,1.384,1.365,
F,,1.239,1.287,1.275,1.262,1.294,1.298,1.274,1.301,1.328,1.353,
G,,1.272,1.306,1.27,1.268,1.271,1.24,1.291,1.283,1.319,1.353,
H,,,,,,,,,,,,

Cycle 36 (15 h 1 min)
Raw Data (600)

,1,2,3,4,5,6,7,8,9,10,11,12,
A,,,,,,,,,,,,
B,,1.323,1.321,1.34,1.35,1.375,1.335,1.35,1.408,1.409,1.421,
C,,1.331,1.34,1.361,1.357,1.252,1.277,1.231,1.304,1.303,1.424,
D,,1.328,1.31,1.387,1.329,1.377,1.355,1.391,1.404,1.419,1.394,
E,,1.313,1.342,1.331,1.362,1.349,1.351,1.372,1.385,1.398,1.367,
F,,1.242,1.286,1.272,1.26,1.292,1.288,1.276,1.305,1.318,1.36,
G,,1.276,1.297,1.269,1.265,1.262,1.238,1.28,1.28,1.307,1.353,
H,,,,,,,,,,,,

Cycle 37 (15 h 27 min)
Raw Data (600)

,1,2,3,4,5,6,7,8,9,10,11,12,
A,,,,,,,,,,,,
B,,1.321,1.322,1.336,1.349,1.373,1.332,1.344,1.374,1.414,1.421,
C,,1.332,1.335,1.36,1.359,1.246,1.276,1.227,1.296,1.295,1.421,
D,,1.328,1.313,1.388,1.324,1.38,1.35,1.392,1.389,1.419,1.387,
E,,1.319,1.339,1.33,1.359,1.346,1.348,1.374,1.38,1.395,1.371,
F,,1.242,1.288,1.274,1.258,1.294,1.291,1.275,1.299,1.318,1.35,
G,,1.274,1.303,1.27,1.27,1.268,1.243,1.282,1.275,1.305,1.349,
H,,,,,,,,,,,,

Cycle 38 (15 h 53 min)
Raw Data (600)

,1,2,3,4,5,6,7,8,9,10,11,12,
A,,,,,,,,,,,,
B,,1.321,1.321,1.333,1.346,1.369,1.332,1.357,1.401,1.413,1.417,
C,,1.332,1.339,1.361,1.356,1.246,1.268,1.23,1.298,1.294,1.421,
D,,1.33,1.312,1.387,1.325,1.378,1.35,1.388,1.402,1.421,1.392,
E,,1.314,1.342,1.333,1.359,1.345,1.348,1.365,1.381,1.405,1.357,
F,,1.241,1.288,1.275,1.267,1.285,1.3,1.28,1.304,1.315,1.354,
G,,1.27,1.298,1.27,1.271,1.273,1.241,1.286,1.276,1.314,1.343,
H,,,,,,,,,,,,

Cycle 39 (16 h 19 min)
Raw Data (600)

,1,2,3,4,5,6,7,8,9,10,11,12,
A,,,,,,,,,,,,
B,,1.32,1.322,1.334,1.349,1.371,1.33,1.361,1.405,1.415,1.417,
C,,1.333,1.337,1.354,1.355,1.244,1.269,1.233,1.301,1.298,1.419,
D,,1.333,1.315,1.392,1.332,1.38,1.344,1.394,1.407,1.43,1.396,
E,,1.316,1.342,1.332,1.357,1.359,1.358,1.367,1.385,1.411,1.371,
F,,1.243,1.288,1.279,1.264,1.287,1.303,1.279,1.306,1.316,1.352,
G,,1.278,1.302,1.271,1.266,1.269,1.242,1.29,1.285,1.309,1.348,
H,,,,,,,,,,,,

Cycle 40 (16 h 45 min)
Raw Data (600)

,1,2,3,4,5,6,7,8,9,10,11,12,
A,,,,,,,,,,,,
B,,1.321,1.322,1.337,1.352,1.368,1.324,1.352,1.403,1.407,1.416,
C,,1.332,1.339,1.358,1.354,1.243,1.276,1.23,1.301,1.292,1.42,
D,,1.337,1.315,1.387,1.325,1.382,1.353,1.401,1.396,1.418,1.394,
E,,1.315,1.345,1.329,1.36,1.356,1.35,1.372,1.387,1.387,1.37,
F,,1.245,1.291,1.273,1.26,1.289,1.293,1.278,1.301,1.32,1.351,
G,,1.281,1.314,1.269,1.269,1.262,1.238,1.289,1.292,1.309,1.345,
H,,,,,,,,,,,,

Cycle 41 (17 h 10 min)
Raw Data (600)

,1,2,3,4,5,6,7,8,9,10,11,12,
A,,,,,,,,,,,,
B,,1.317,1.323,1.332,1.35,1.361,1.334,1.351,1.401,1.419,1.421,
C,,1.329,1.338,1.363,1.35,1.244,1.271,1.234,1.292,1.298,1.419,
D,,1.337,1.316,1.386,1.331,1.376,1.346,1.393,1.407,1.421,1.396,
E,,1.318,1.342,1.331,1.366,1.36,1.352,1.367,1.383,1.393,1.363,
F,,1.247,1.292,1.275,1.262,1.285,1.295,1.28,1.305,1.322,1.35,
G,,1.276,1.31,1.269,1.262,1.267,1.243,1.286,1.28,1.303,1.343,
H,,,,,,,,,,,,

Cycle 42 (17 h 36 min)
Raw Data (600)

,1,2,3,4,5,6,7,8,9,10,11,12,
A,,,,,,,,,,,,
B,,1.313,1.318,1.329,1.346,1.37,1.325,1.341,1.403,1.41,1.415,
C,,1.33,1.335,1.363,1.349,1.247,1.27,1.225,1.295,1.291,1.418,
D,,1.338,1.312,1.383,1.329,1.377,1.352,1.393,1.401,1.421,1.394,
E,,1.315,1.343,1.333,1.363,1.354,1.35,1.376,1.383,1.402,1.365,
F,,1.243,1.293,1.275,1.256,1.286,1.303,1.282,1.297,1.313,1.347,
G,,1.273,1.309,1.269,1.26,1.265,1.233,1.287,1.289,1.309,1.344,
H,,,,,,,,,,,,

Cycle 43 (18 h 2 min)
Raw Data (600)

,1,2,3,4,5,6,7,8,9,10,11,12,
A,,,,,,,,,,,,
B,,1.319,1.317,1.33,1.345,1.366,1.326,1.349,1.367,1.411,1.41,
C,,1.331,1.337,1.356,1.349,1.244,1.27,1.229,1.299,1.294,1.419,
D,,1.338,1.317,1.385,1.325,1.372,1.357,1.395,1.407,1.418,1.393,
E,,1.317,1.342,1.333,1.363,1.354,1.353,1.384,1.387,1.399,1.365,
F,,1.244,1.294,1.278,1.256,1.293,1.298,1.278,1.301,1.32,1.347,
G,,1.28,1.326,1.27,1.258,1.261,1.241,1.293,1.293,1.315,1.341,
H,,,,,,,,,,,,

Cycle 44 (18 h 28 min)
Raw Data (600)

,1,2,3,4,5,6,7,8,9,10,11,12,
A,,,,,,,,,,,,
B,,1.311,1.319,1.329,1.346,1.37,1.327,1.349,1.395,1.409,1.408,
C,,1.331,1.334,1.351,1.344,1.247,1.269,1.23,1.294,1.288,1.42,
D,,1.339,1.312,1.383,1.331,1.374,1.356,1.393,1.391,1.424,1.397,
E,,1.321,1.342,1.329,1.362,1.351,1.349,1.378,1.385,1.404,1.37,
F,,1.243,1.29,1.272,1.269,1.292,1.297,1.283,1.3,1.312,1.352,
G,,1.28,1.314,1.268,1.261,1.268,1.239,1.284,1.277,1.307,1.339,
H,,,,,,,,,,,,

Cycle 45 (18 h 53 min)
Raw Data (600)

,1,2,3,4,5,6,7,8,9,10,11,12,
A,,,,,,,,,,,,
B,,1.309,1.315,1.331,1.341,1.362,1.323,1.347,1.396,1.406,1.414,
C,,1.327,1.329,1.353,1.342,1.241,1.268,1.233,1.296,1.29,1.424,
D,,1.342,1.318,1.382,1.323,1.371,1.351,1.39,1.395,1.428,1.397,
E,,1.318,1.345,1.334,1.357,1.351,1.353,1.38,1.389,1.401,1.361,
F,,1.246,1.289,1.274,1.262,1.278,1.297,1.274,1.297,1.31,1.351,
G,,1.272,1.312,1.269,1.256,1.265,1.234,1.284,1.282,1.304,1.339,
H,,,,,,,,,,,,

Cycle 46 (19 h 19 min)
Raw Data (600)

,1,2,3,4,5,6,7,8,9,10,11,12,
A,,,,,,,,,,,,
B,,1.309,1.32,1.327,1.341,1.365,1.317,1.357,1.394,1.405,1.411,
C,,1.325,1.337,1.355,1.347,1.243,1.271,1.237,1.298,1.291,1.419,
D,,1.339,1.315,1.385,1.337,1.373,1.344,1.396,1.395,1.429,1.397,
E,,1.321,1.345,1.332,1.363,1.357,1.349,1.371,1.389,1.409,1.37,
F,,1.247,1.29,1.28,1.265,1.28,1.291,1.275,1.296,1.313,1.342,
G,,1.276,1.303,1.268,1.256,1.262,1.24,1.289,1.284,1.304,1.334,
H,,,,,,,,,,,,

Cycle 47 (19 h 45 min)
Raw Data (600)

,1,2,3,4,5,6,7,8,9,10,11,12,
A,,,,,,,,,,,,
B,,1.309,1.314,1.327,1.342,1.36,1.321,1.352,1.362,1.411,1.412,
C,,1.327,1.327,1.349,1.343,1.242,1.269,1.235,1.297,1.292,1.417,
D,,1.336,1.314,1.384,1.326,1.377,1.352,1.398,1.395,1.425,1.393,
E,,1.319,1.343,1.333,1.364,1.358,1.352,1.372,1.383,1.403,1.37,
F,,1.246,1.294,1.277,1.268,1.282,1.307,1.277,1.302,1.309,1.337,
G,,1.282,1.313,1.272,1.257,1.257,1.234,1.293,1.286,1.298,1.341,
H,,,,,,,,,,,,

Cycle 48 (20 h 11 min)
Raw Data (600)

,1,2,3,4,5,6,7,8,9,10,11,12,
A,,,,,,,,,,,,
B,,1.307,1.316,1.326,1.338,1.355,1.318,1.352,1.355,1.414,1.412,
C,,1.325,1.335,1.354,1.343,1.244,1.272,1.229,1.293,1.288,1.425,
D,,1.338,1.317,1.383,1.332,1.38,1.346,1.392,1.398,1.424,1.395,
E,,1.322,1.347,1.333,1.362,1.357,1.35,1.375,1.395,1.392,1.357,
F,,1.246,1.293,1.277,1.272,1.282,1.301,1.277,1.293,1.309,1.345,
G,,1.276,1.312,1.274,1.256,1.258,1.234,1.287,1.279,1.297,1.336,
H,,,,,,,,,,,,

Cycle 49 (20 h 36 min)
Raw Data (600)

,1,2,3,4,5,6,7,8,9,10,11,12,
A,,,,,,,,,,,,
B,,1.305,1.312,1.326,1.342,1.36,1.318,1.357,1.365,1.405,1.405,
C,,1.326,1.334,1.358,1.344,1.241,1.274,1.234,1.299,1.291,1.417,
D,,1.337,1.317,1.384,1.337,1.373,1.346,1.395,1.405,1.428,1.395,
E,,1.32,1.346,1.334,1.368,1.357,1.352,1.375,1.387,1.401,1.36,
F,,1.244,1.294,1.277,1.27,1.284,1.298,1.283,1.299,1.316,1.344,
G,,1.276,1.308,1.27,1.249,1.255,1.235,1.296,1.287,1.304,1.333,
H,,,,,,,,,,,,

Cycle 50 (21 h 2 min)
Raw Data (600)

,1,2,3,4,5,6,7,8,9,10,11,12,
A,,,,,,,,,,,,
B,,1.304,1.31,1.322,1.338,1.36,1.317,1.352,1.376,1.402,1.413,
C,,1.327,1.333,1.354,1.339,1.244,1.268,1.232,1.293,1.284,1.411,
D,,1.341,1.314,1.382,1.329,1.376,1.347,1.399,1.403,1.427,1.395,
E,,1.324,1.344,1.327,1.364,1.354,1.356,1.377,1.386,1.399,1.355,
F,,1.246,1.292,1.271,1.271,1.286,1.301,1.279,1.3,1.306,1.341,
G,,1.278,1.31,1.27,1.25,1.269,1.228,1.285,1.283,1.302,1.331,
H,,,,,,,,,,,,

Cycle 51 (21 h 28 min)
Raw Data (600)

,1,2,3,4,5,6,7,8,9,10,11,12,
A,,,,,,,,,,,,
B,,1.307,1.315,1.325,1.337,1.359,1.318,1.345,1.372,1.405,1.407,
C,,1.325,1.335,1.364,1.347,1.241,1.276,1.233,1.299,1.286,1.416,
D,,1.34,1.317,1.382,1.335,1.376,1.341,1.399,1.395,1.43,1.397,
E,,1.321,1.347,1.336,1.366,1.358,1.353,1.38,1.395,1.407,1.371,
F,,1.247,1.293,1.274,1.264,1.288,1.3,1.273,1.298,1.314,1.339,
G,,1.283,1.315,1.273,1.248,1.252,1.236,1.291,1.279,1.302,1.335,
H,,,,,,,,,,,,

Cycle 52 (21 h 54 min)
Raw Data (600)

,1,2,3,4,5,6,7,8,9,10,11,12,
A,,,,,,,,,,,,
B,,1.304,1.312,1.324,1.342,1.353,1.32,1.357,1.388,1.409,1.403,
C,,1.329,1.333,1.358,1.345,1.244,1.276,1.235,1.298,1.289,1.42,
D,,1.341,1.32,1.387,1.337,1.382,1.34,1.398,1.408,1.436,1.395,
E,,1.325,1.346,1.329,1.365,1.395,1.351,1.379,1.395,1.407,1.363,
F,,1.242,1.292,1.277,1.265,1.28,1.294,1.283,1.298,1.313,1.339,
G,,1.275,1.312,1.277,1.25,1.257,1.233,1.287,1.286,1.307,1.335,
H,,,,,,,,,,,,

Cycle 53 (22 h 19 min)
Raw Data (600)

,1,2,3,4,5,6,7,8,9,10,11,12,
A,,,,,,,,,,,,
B,,1.303,1.312,1.321,1.339,1.36,1.312,1.354,1.379,1.405,1.406,
C,,1.325,1.336,1.349,1.342,1.24,1.27,1.233,1.296,1.286,1.413,
D,,1.342,1.327,1.381,1.33,1.377,1.354,1.401,1.403,1.433,1.392,
E,,1.324,1.347,1.333,1.365,1.354,1.35,1.377,1.392,1.41,1.358,
F,,1.244,1.293,1.28,1.265,1.284,1.29,1.271,1.295,1.311,1.337,
G,,1.277,1.311,1.271,1.244,1.253,1.229,1.295,1.282,1.302,1.332,
H,,,,,,,,,,,,

Cycle 54 (22 h 45 min)
Raw Data (600)

,1,2,3,4,5,6,7,8,9,10,11,12,
A,,,,,,,,,,,,
B,,1.3,1.313,1.323,1.336,1.353,1.313,1.357,1.357,1.417,1.396,
C,,1.327,1.332,1.355,1.342,1.244,1.271,1.231,1.3,1.286,1.416,
D,,1.344,1.316,1.381,1.339,1.383,1.349,1.397,1.395,1.433,1.397,
E,,1.321,1.348,1.333,1.368,1.353,1.359,1.377,1.4,1.416,1.364,
F,,1.249,1.293,1.276,1.272,1.285,1.299,1.281,1.299,1.314,1.335,
G,,1.279,1.31,1.272,1.244,1.255,1.234,1.291,1.283,1.31,1.333,
H,,,,,,,,,,,,

Cycle 55 (23 h 11 min)
Raw Data (600)

,1,2,3,4,5,6,7,8,9,10,11,12,
A,,,,,,,,,,,,
B,,1.298,1.308,1.32,1.334,1.348,1.311,1.353,1.382,1.407,1.396,
C,,1.321,1.334,1.351,1.347,1.244,1.267,1.235,1.297,1.284,1.415,
D,,1.343,1.318,1.379,1.329,1.377,1.347,1.396,1.395,1.43,1.395,
E,,1.327,1.345,1.331,1.357,1.354,1.35,1.378,1.397,1.408,1.362,
F,,1.242,1.293,1.274,1.263,1.28,1.301,1.272,1.291,1.315,1.335,
G,,1.28,1.312,1.272,1.25,1.254,1.228,1.3,1.277,1.296,1.331,
H,,,,,,,,,,,,

Cycle 56 (23 h 37 min)
Raw Data (600)

,1,2,3,4,5,6,7,8,9,10,11,12,
A,,,,,,,,,,,,
B,,1.299,1.311,1.323,1.341,1.358,1.309,1.356,1.386,1.405,1.402,
C,,1.326,1.335,1.347,1.335,1.241,1.269,1.236,1.296,1.286,1.421,
D,,1.34,1.315,1.384,1.331,1.374,1.35,1.402,1.406,1.434,1.395,
E,,1.328,1.346,1.328,1.355,1.358,1.353,1.382,1.395,1.421,1.362,
F,,1.244,1.294,1.274,1.271,1.283,1.294,1.279,1.298,1.302,1.334,
G,,1.277,1.323,1.272,1.251,1.261,1.228,1.288,1.281,1.299,1.329,
H,,,,,,,,,,,,

Cycle 57 (24 h 2 min)
Raw Data (600)

,1,2,3,4,5,6,7,8,9,10,11,12,
A,,,,,,,,,,,,
B,,1.298,1.309,1.323,1.337,1.353,1.319,1.347,1.382,1.404,1.397,
C,,1.32,1.33,1.35,1.333,1.239,1.265,1.229,1.295,1.282,1.417,
D,,1.338,1.315,1.379,1.328,1.377,1.342,1.395,1.4,1.426,1.394,
E,,1.327,1.347,1.337,1.365,1.36,1.359,1.372,1.391,1.406,1.361,
F,,1.245,1.294,1.276,1.265,1.276,1.301,1.273,1.292,1.309,1.335,
G,,1.286,1.312,1.273,1.251,1.252,1.229,1.285,1.275,1.29,1.323,
H,,,,,,,,,,,,

Cycle 58 (24 h 28 min)
Raw Data (600)

,1,2,3,4,5,6,7,8,9,10,11,12,
A,,,,,,,,,,,,
B,,1.296,1.311,1.319,1.335,1.353,1.307,1.352,1.362,1.402,1.396,
C,,1.325,1.331,1.352,1.342,1.25,1.266,1.235,1.299,1.279,1.417,
D,,1.343,1.316,1.382,1.329,1.373,1.341,1.398,1.408,1.427,1.393,
E,,1.327,1.347,1.333,1.358,1.361,1.356,1.382,1.395,1.396,1.356,
F,,1.243,1.297,1.278,1.274,1.275,1.301,1.275,1.292,1.299,1.333,
G,,1.279,1.319,1.278,1.252,1.255,1.228,1.285,1.276,1.292,1.329,
H,,,,,,,,,,,,

Cycle 59 (24 h 54 min)
Raw Data (600)

,1,2,3,4,5,6,7,8,9,10,11,12,
A,,,,,,,,,,,,
B,,1.297,1.309,1.325,1.339,1.349,1.317,1.351,1.381,1.404,1.399,
C,,1.319,1.334,1.357,1.343,1.245,1.275,1.232,1.295,1.289,1.421,
D,,1.341,1.334,1.388,1.336,1.374,1.344,1.402,1.41,1.431,1.396,
E,,1.324,1.35,1.333,1.363,1.363,1.358,1.386,1.401,1.415,1.359,
F,,1.247,1.293,1.279,1.267,1.276,1.296,1.274,1.291,1.306,1.337,
G,,1.277,1.308,1.277,1.253,1.248,1.234,1.296,1.291,1.3,1.325,
H,,,,,,,,,,,,

Cycle 60 (25 h 20 min)
Raw Data (600)

,1,2,3,4,5,6,7,8,9,10,11,12,
A,,,,,,,,,,,,
B,,1.291,1.32,1.331,1.343,1.367,1.327,1.382,1.398,1.409,1.421,
C,,1.323,1.346,1.354,1.335,1.267,1.286,1.252,1.304,1.297,1.431,
D,,1.347,1.329,1.388,1.361,1.395,1.351,1.408,1.43,1.455,1.426,
E,,1.34,1.358,1.34,1.373,1.376,1.368,1.402,1.412,1.421,1.375,
F,,1.249,1.312,1.293,1.29,1.303,1.33,1.284,1.294,1.319,1.338,
G,,1.29,1.336,1.289,1.272,1.276,1.258,1.31,1.306,1.303,1.336,
H,,,,,,,,,,,,

Cycle 61 (25 h 46 min)
Raw Data (600)

,1,2,3,4,5,6,7,8,9,10,11,12,
A,,,,,,,,,,,,
B,,1.295,1.309,1.321,1.338,1.353,1.312,1.347,1.379,1.4,1.398,
C,,1.324,1.331,1.352,1.339,1.242,1.265,1.238,1.292,1.284,1.416,
D,,1.346,1.316,1.383,1.331,1.371,1.347,1.403,1.401,1.437,1.394,
E,,1.327,1.348,1.333,1.362,1.349,1.356,1.378,1.392,1.413,1.36,
F,,1.246,1.295,1.281,1.263,1.281,1.305,1.269,1.288,1.31,1.331,
G,,1.278,1.314,1.276,1.253,1.258,1.237,1.305,1.285,1.298,1.323,
H,,,,,,,,,,,,

Cycle 62 (26 h 11 min)
Raw Data (600)

,1,2,3,4,5,6,7,8,9,10,11,12,
A,,,,,,,,,,,,
B,,1.296,1.312,1.321,1.338,1.352,1.31,1.347,1.375,1.402,1.393,
C,,1.317,1.331,1.351,1.346,1.242,1.268,1.234,1.296,1.282,1.419,
D,,1.346,1.32,1.383,1.338,1.378,1.34,1.403,1.406,1.427,1.396,
E,,1.327,1.35,1.333,1.357,1.368,1.355,1.387,1.405,1.411,1.357,
F,,1.244,1.296,1.273,1.27,1.282,1.306,1.272,1.294,1.304,1.332,
G,,1.283,1.319,1.276,1.253,1.251,1.235,1.303,1.291,1.292,1.323,
H,,,,,,,,,,,,

Cycle 63 (26 h 37 min)
Raw Data (600)

,1,2,3,4,5,6,7,8,9,10,11,12,
A,,,,,,,,,,,,
B,,1.298,1.312,1.323,1.34,1.355,1.306,1.354,1.38,1.405,1.395,
C,,1.32,1.33,1.351,1.34,1.248,1.27,1.236,1.294,1.286,1.418,
D,,1.34,1.319,1.383,1.336,1.377,1.347,1.4,1.401,1.431,1.393,
E,,1.326,1.348,1.332,1.356,1.357,1.353,1.391,1.396,1.41,1.366,
F,,1.24,1.293,1.275,1.265,1.285,1.302,1.281,1.29,1.308,1.33,
G,,1.278,1.311,1.274,1.253,1.256,1.237,1.287,1.275,1.293,1.32,
H,,,,,,,,,,,,

Cycle 64 (27 h 3 min)
Raw Data (600)

,1,2,3,4,5,6,7,8,9,10,11,12,
A,,,,,,,,,,,,
B,,1.295,1.307,1.32,1.335,1.359,1.309,1.357,1.384,1.399,1.395,
C,,1.323,1.331,1.356,1.336,1.244,1.271,1.234,1.291,1.281,1.421,
D,,1.338,1.316,1.382,1.328,1.377,1.345,1.405,1.403,1.428,1.391,
E,,1.333,1.343,1.335,1.361,1.366,1.352,1.383,1.394,1.412,1.356,
F,,1.24,1.29,1.276,1.269,1.289,1.298,1.279,1.291,1.307,1.328,
G,,1.282,1.318,1.273,1.254,1.261,1.234,1.289,1.28,1.294,1.321,
H,,,,,,,,,,,,

Cycle 65 (27 h 29 min)
Raw Data (600)

,1,2,3,4,5,6,7,8,9,10,11,12,
A,,,,,,,,,,,,
B,,1.293,1.304,1.316,1.332,1.351,1.317,1.352,1.365,1.4,1.397,
C,,1.316,1.33,1.347,1.341,1.25,1.265,1.228,1.287,1.279,1.415,
D,,1.346,1.316,1.38,1.336,1.378,1.342,1.4,1.4,1.433,1.393,
E,,1.328,1.349,1.337,1.359,1.368,1.355,1.382,1.397,1.405,1.351,
F,,1.24,1.29,1.275,1.267,1.278,1.303,1.27,1.29,1.31,1.33,
G,,1.28,1.316,1.275,1.245,1.258,1.235,1.292,1.279,1.294,1.322,
H,,,,,,,,,,,,

Cycle 66 (27 h 54 min)
Raw Data (600)

,1,2,3,4,5,6,7,8,9,10,11,12,
A,,,,,,,,,,,,
B,,1.292,1.314,1.318,1.337,1.357,1.304,1.36,1.383,1.397,1.393,
C,,1.322,1.326,1.352,1.34,1.242,1.267,1.234,1.292,1.278,1.416,
D,,1.344,1.315,1.38,1.341,1.382,1.347,1.402,1.401,1.432,1.392,
E,,1.327,1.347,1.331,1.36,1.351,1.355,1.387,1.394,1.415,1.365,
F,,1.241,1.292,1.276,1.27,1.286,1.306,1.271,1.289,1.305,1.323,
G,,1.281,1.317,1.275,1.252,1.265,1.234,1.289,1.285,1.292,1.314,
H,,,,,,,,,,,,

Cycle 67 (28 h 20 min)
Raw Data (600)

,1,2,3,4,5,6,7,8,9,10,11,12,
A,,,,,,,,,,,,
B,,1.287,1.303,1.322,1.337,1.36,1.31,1.352,1.374,1.396,1.393,
C,,1.317,1.328,1.35,1.335,1.247,1.267,1.234,1.29,1.284,1.415,
D,,1.341,1.317,1.386,1.331,1.375,1.346,1.419,1.396,1.431,1.394,
E,,1.331,1.346,1.333,1.361,1.366,1.355,1.389,1.4,1.413,1.361,
F,,1.245,1.292,1.281,1.273,1.277,1.296,1.272,1.29,1.306,1.326,
G,,1.281,1.315,1.275,1.251,1.254,1.238,1.306,1.292,1.284,1.316,
H,,,,,,,,,,,,

Cycle 68 (28 h 46 min)
Raw Data (600)

,1,2,3,4,5,6,7,8,9,10,11,12,
A,,,,,,,,,,,,
B,,1.288,1.304,1.32,1.333,1.348,1.302,1.355,1.376,1.394,1.388,
C,,1.321,1.323,1.351,1.335,1.244,1.265,1.233,1.286,1.274,1.411,
D,,1.344,1.314,1.382,1.328,1.372,1.338,1.404,1.397,1.426,1.392,
E,,1.331,1.347,1.335,1.354,1.359,1.357,1.382,1.391,1.392,1.351,
F,,1.243,1.288,1.28,1.267,1.276,1.302,1.274,1.288,1.297,1.326,
G,,1.279,1.321,1.281,1.239,1.251,1.234,1.294,1.282,1.292,1.32,
H,,,,,,,,,,,,

Cycle 69 (29 h 12 min)
Raw Data (600)

,1,2,3,4,5,6,7,8,9,10,11,12,
A,,,,,,,,,,,,
B,,1.288,1.312,1.32,1.335,1.356,1.312,1.353,1.372,1.394,1.388,
C,,1.317,1.334,1.351,1.339,1.243,1.266,1.231,1.288,1.281,1.411,
D,,1.339,1.319,1.383,1.336,1.375,1.346,1.407,1.398,1.43,1.391,
E,,1.33,1.349,1.337,1.353,1.367,1.354,1.383,1.403,1.407,1.356,
F,,1.244,1.291,1.281,1.264,1.274,1.302,1.27,1.286,1.314,1.324,
G,,1.285,1.321,1.276,1.249,1.246,1.237,1.298,1.285,1.287,1.317,
H,,,,,,,,,,,,

Cycle 70 (29 h 37 min)
Raw Data (600)

,1,2,3,4,5,6,7,8,9,10,11,12,
A,,,,,,,,,,,,
B,,1.289,1.306,1.32,1.335,1.353,1.308,1.359,1.382,1.395,1.385,
C,,1.316,1.328,1.35,1.33,1.242,1.262,1.236,1.286,1.284,1.414,
D,,1.344,1.317,1.386,1.335,1.377,1.345,1.4,1.4,1.434,1.392,
E,,1.33,1.348,1.335,1.352,1.367,1.361,1.381,1.393,1.404,1.353,
F,,1.242,1.292,1.274,1.273,1.279,1.307,1.274,1.293,1.306,1.322,
G,,1.279,1.317,1.272,1.249,1.259,1.23,1.288,1.281,1.288,1.316,
H,,,,,,,,,,,,

Cycle 71 (30 h 3 min)
Raw Data (600)

,1,2,3,4,5,6,7,8,9,10,11,12,
A,,,,,,,,,,,,
B,,1.288,1.306,1.316,1.336,1.351,1.305,1.347,1.363,1.394,1.388,
C,,1.317,1.325,1.351,1.335,1.244,1.264,1.231,1.29,1.278,1.411,
D,,1.338,1.316,1.389,1.339,1.377,1.345,1.398,1.396,1.431,1.392,
E,,1.333,1.345,1.335,1.352,1.359,1.355,1.384,1.399,1.399,1.362,
F,,1.245,1.288,1.276,1.269,1.272,1.303,1.268,1.285,1.31,1.32,
G,,1.28,1.315,1.271,1.247,1.253,1.233,1.288,1.274,1.29,1.311,
H,,,,,,,,,,,,

Cycle 72 (30 h 29 min)
Raw Data (600)

,1,2,3,4,5,6,7,8,9,10,11,12,
A,,,,,,,,,,,,
B,,1.287,1.305,1.316,1.333,1.354,1.305,1.352,1.373,1.392,1.394,
C,,1.319,1.326,1.347,1.332,1.246,1.263,1.232,1.283,1.272,1.408,
D,,1.346,1.319,1.381,1.336,1.38,1.343,1.402,1.394,1.438,1.391,
E,,1.331,1.351,1.338,1.359,1.355,1.362,1.384,1.407,1.407,1.358,
F,,1.243,1.292,1.276,1.266,1.276,1.294,1.269,1.284,1.307,1.319,
G,,1.283,1.32,1.273,1.251,1.251,1.234,1.298,1.281,1.289,1.312,
H,,,,,,,,,,,,

Cycle 73 (30 h 55 min)
Raw Data (600)

,1,2,3,4,5,6,7,8,9,10,11,12,
A,,,,,,,,,,,,
B,,1.289,1.302,1.317,1.336,1.35,1.303,1.353,1.369,1.397,1.388,
C,,1.315,1.329,1.348,1.329,1.248,1.264,1.23,1.287,1.275,1.413,
D,,1.343,1.316,1.384,1.33,1.38,1.34,1.401,1.393,1.429,1.391,
E,,1.329,1.348,1.332,1.36,1.364,1.354,1.38,1.396,1.406,1.358,
F,,1.238,1.288,1.277,1.266,1.272,1.302,1.268,1.278,1.303,1.318,
G,,1.284,1.317,1.272,1.25,1.259,1.233,1.291,1.283,1.283,1.313,
H,,,,,,,,,,,,

Cycle 74 (31 h 21 min)
Raw Data (600)

,1,2,3,4,5,6,7,8,9,10,11,12,
A,,,,,,,,,,,,
B,,1.284,1.298,1.314,1.331,1.346,1.313,1.357,1.363,1.395,1.386,
C,,1.318,1.326,1.346,1.337,1.243,1.262,1.237,1.277,1.277,1.417,
D,,1.345,1.319,1.382,1.334,1.373,1.338,1.401,1.401,1.433,1.392,
E,,1.331,1.35,1.335,1.356,1.358,1.359,1.388,1.404,1.41,1.356,
F,,1.243,1.289,1.277,1.266,1.276,1.302,1.268,1.287,1.307,1.316,
G,,1.282,1.323,1.274,1.248,1.251,1.235,1.284,1.278,1.29,1.315,
H,,,,,,,,,,,,

Cycle 75 (31 h 46 min)
Raw Data (600)

,1,2,3,4,5,6,7,8,9,10,11,12,
A,,,,,,,,,,,,
B,,1.288,1.305,1.315,1.334,1.345,1.304,1.351,1.365,1.392,1.389,
C,,1.317,1.323,1.35,1.335,1.24,1.259,1.232,1.289,1.276,1.414,
D,,1.345,1.316,1.385,1.332,1.377,1.344,1.405,1.406,1.431,1.391,
E,,1.332,1.347,1.334,1.354,1.36,1.353,1.38,1.392,1.412,1.36,
F,,1.24,1.289,1.281,1.266,1.271,1.298,1.267,1.276,1.3,1.316,
G,,1.282,1.313,1.272,1.245,1.249,1.234,1.292,1.279,1.281,1.315,
H,,,,,,,,,,,,

Cycle 76 (32 h 12 min)
Raw Data (600)

,1,2,3,4,5,6,7,8,9,10,11,12,
A,,,,,,,,,,,,
B,,1.287,1.304,1.318,1.337,1.355,1.298,1.352,1.373,1.39,1.383,
C,,1.316,1.327,1.35,1.331,1.251,1.264,1.227,1.291,1.276,1.412,
D,,1.349,1.315,1.383,1.329,1.382,1.34,1.402,1.403,1.433,1.392,
E,,1.328,1.347,1.334,1.357,1.365,1.355,1.378,1.394,1.406,1.35,
F,,1.242,1.291,1.273,1.273,1.278,1.297,1.277,1.292,1.305,1.318,
G,,1.282,1.321,1.273,1.247,1.25,1.24,1.293,1.276,1.279,1.313,
H,,,,,,,,,,,,

Cycle 77 (32 h 38 min)
Raw Data (600)

,1,2,3,4,5,6,7,8,9,10,11,12,
A,,,,,,,,,,,,
B,,1.286,1.303,1.318,1.332,1.355,1.309,1.353,1.363,1.391,1.379,
C,,1.316,1.324,1.338,1.338,1.251,1.263,1.232,1.281,1.273,1.41,
D,,1.342,1.314,1.383,1.333,1.371,1.335,1.411,1.394,1.43,1.388,
E,,1.33,1.347,1.333,1.355,1.358,1.352,1.387,1.394,1.404,1.355,
F,,1.237,1.287,1.274,1.27,1.28,1.301,1.272,1.283,1.298,1.313,
G,,1.28,1.316,1.273,1.246,1.263,1.227,1.282,1.271,1.283,1.311,
H,,,,,,,,,,,,

Cycle 78 (33 h 4 min)
Raw Data (600)

,1,2,3,4,5,6,7,8,9,10,11,12,
A,,,,,,,,,,,,
B,,1.285,1.3,1.32,1.331,1.357,1.31,1.355,1.374,1.393,1.382,
C,,1.316,1.328,1.353,1.337,1.245,1.263,1.239,1.286,1.274,1.411,
D,,1.342,1.317,1.386,1.331,1.373,1.335,1.403,1.4,1.432,1.388,
E,,1.331,1.351,1.336,1.355,1.36,1.353,1.386,1.397,1.404,1.36,
F,,1.241,1.289,1.277,1.267,1.282,1.3,1.271,1.282,1.3,1.314,
G,,1.286,1.316,1.268,1.249,1.254,1.243,1.287,1.274,1.281,1.314,
H,,,,,,,,,,,,

Cycle 79 (33 h 29 min)
Raw Data (600)

,1,2,3,4,5,6,7,8,9,10,11,12,
A,,,,,,,,,,,,
B,,1.284,1.307,1.315,1.333,1.355,1.308,1.35,1.373,1.391,1.385,
C,,1.317,1.324,1.347,1.329,1.245,1.262,1.228,1.287,1.275,1.41,
D,,1.342,1.313,1.383,1.328,1.375,1.336,1.403,1.401,1.427,1.389,
E,,1.328,1.346,1.333,1.359,1.356,1.355,1.382,1.391,1.403,1.357,
F,,1.243,1.284,1.274,1.26,1.281,1.299,1.266,1.282,1.301,1.317,
G,,1.281,1.319,1.27,1.244,1.251,1.233,1.296,1.275,1.28,1.308,
H,,,,,,,,,,,,

Cycle 80 (33 h 55 min)
Raw Data (600)

,1,2,3,4,5,6,7,8,9,10,11,12,
A,,,,,,,,,,,,
B,,1.283,1.299,1.318,1.329,1.346,1.303,1.349,1.358,1.393,1.393,
C,,1.315,1.325,1.355,1.333,1.249,1.259,1.229,1.282,1.272,1.409,
D,,1.346,1.311,1.38,1.323,1.37,1.336,1.396,1.403,1.434,1.387,
E,,1.328,1.348,1.337,1.363,1.36,1.358,1.383,1.391,1.4,1.347,
F,,1.24,1.284,1.275,1.272,1.281,1.303,1.265,1.284,1.306,1.314,
G,,1.279,1.317,1.272,1.246,1.246,1.23,1.283,1.27,1.282,1.312,
H,,,,,,,,,,,,

Cycle 81 (34 h 21 min)
Raw Data (600)

,1,2,3,4,5,6,7,8,9,10,11,12,
A,,,,,,,,,,,,
B,,1.286,1.299,1.316,1.333,1.356,1.304,1.346,1.372,1.389,1.377,
C,,1.314,1.327,1.342,1.335,1.242,1.261,1.232,1.283,1.273,1.406,
D,,1.343,1.316,1.381,1.323,1.373,1.34,1.401,1.397,1.428,1.392,
E,,1.326,1.346,1.337,1.353,1.36,1.355,1.379,1.391,1.404,1.351,
F,,1.238,1.287,1.274,1.266,1.275,1.297,1.266,1.284,1.297,1.311,
G,,1.284,1.319,1.271,1.24,1.268,1.236,1.298,1.286,1.28,1.308,
H,,,,,,,,,,,,

Cycle 82 (34 h 47 min)
Raw Data (600)

,1,2,3,4,5,6,7,8,9,10,11,12,
A,,,,,,,,,,,,
B,,1.286,1.304,1.316,1.332,1.352,1.3,1.351,1.351,1.389,1.374,
C,,1.312,1.322,1.344,1.335,1.244,1.255,1.223,1.281,1.267,1.409,
D,,1.344,1.312,1.386,1.33,1.372,1.331,1.393,1.393,1.428,1.391,
E,,1.325,1.346,1.334,1.354,1.36,1.35,1.376,1.392,1.399,1.354,
F,,1.241,1.287,1.273,1.262,1.277,1.299,1.263,1.274,1.294,1.311,
G,,1.276,1.318,1.272,1.246,1.254,1.237,1.28,1.282,1.275,1.313,
H,,,,,,,,,,,,

Cycle 83 (35 h 13 min)
Raw Data (600)

,1,2,3,4,5,6,7,8,9,10,11,12,
A,,,,,,,,,,,,
B,,1.286,1.297,1.312,1.334,1.351,1.298,1.35,1.364,1.388,1.379,
C,,1.315,1.32,1.345,1.331,1.244,1.258,1.223,1.281,1.267,1.407,
D,,1.343,1.312,1.384,1.335,1.372,1.334,1.394,1.398,1.425,1.389,
E,,1.325,1.343,1.33,1.355,1.359,1.35,1.378,1.39,1.394,1.35,
F,,1.242,1.283,1.268,1.269,1.276,1.292,1.271,1.282,1.3,1.313,
G,,1.286,1.318,1.269,1.242,1.265,1.236,1.284,1.283,1.278,1.308,
H,,,,,,,,,,,,

Cycle 84 (35 h 38 min)
Raw Data (600)

,1,2,3,4,5,6,7,8,9,10,11,12,
A,,,,,,,,,,,,
B,,1.285,1.3,1.315,1.33,1.35,1.295,1.349,1.358,1.388,1.379,
C,,1.314,1.327,1.343,1.333,1.247,1.256,1.225,1.279,1.271,1.4,
D,,1.342,1.311,1.384,1.321,1.369,1.329,1.395,1.4,1.424,1.389,
E,,1.325,1.345,1.333,1.356,1.357,1.355,1.383,1.394,1.401,1.345,
F,,1.242,1.285,1.269,1.272,1.276,1.293,1.264,1.276,1.305,1.309,
G,,1.279,1.317,1.27,1.237,1.248,1.229,1.28,1.264,1.275,1.309,
H,,,,,,,,,,,,

Cycle 85 (36 h 4 min)
Raw Data (600)

,1,2,3,4,5,6,7,8,9,10,11,12,
A,,,,,,,,,,,,
B,,1.282,1.302,1.315,1.331,1.355,1.298,1.349,1.37,1.387,1.376,
C,,1.313,1.323,1.339,1.326,1.242,1.254,1.224,1.282,1.267,1.406,
D,,1.342,1.31,1.378,1.331,1.366,1.333,1.395,1.393,1.425,1.386,
E,,1.326,1.344,1.331,1.357,1.361,1.355,1.382,1.394,1.395,1.353,
F,,1.238,1.286,1.271,1.273,1.271,1.295,1.263,1.28,1.3,1.309,
G,,1.282,1.316,1.269,1.243,1.27,1.23,1.285,1.281,1.279,1.302,
H,,,,,,,,,,,,

Cycle 86 (36 h 30 min)
Raw Data (600)

,1,2,3,4,5,6,7,8,9,10,11,12,
A,,,,,,,,,,,,
B,,1.28,1.304,1.311,1.333,1.353,1.301,1.346,1.367,1.387,1.377,
C,,1.31,1.321,1.345,1.334,1.242,1.253,1.227,1.275,1.267,1.401,
D,,1.341,1.31,1.383,1.329,1.376,1.328,1.397,1.392,1.425,1.387,
E,,1.327,1.345,1.333,1.358,1.353,1.351,1.378,1.395,1.407,1.346,
F,,1.238,1.283,1.28,1.266,1.276,1.298,1.261,1.278,1.304,1.31,
G,,1.279,1.316,1.268,1.243,1.266,1.234,1.287,1.27,1.277,1.307,
H,,,,,,,,,,,,

Cycle 87 (36 h 56 min)
Raw Data (600)

,1,2,3,4,5,6,7,8,9,10,11,12,
A,,,,,,,,,,,,
B,,1.277,1.3,1.311,1.336,1.355,1.3,1.351,1.355,1.386,1.374,
C,,1.309,1.324,1.343,1.331,1.244,1.254,1.226,1.281,1.266,1.405,
D,,1.344,1.309,1.381,1.33,1.369,1.334,1.397,1.396,1.427,1.381,
E,,1.328,1.34,1.328,1.358,1.361,1.351,1.382,1.385,1.397,1.349,
F,,1.234,1.281,1.269,1.265,1.268,1.293,1.274,1.278,1.3,1.305,
G,,1.28,1.311,1.27,1.248,1.254,1.231,1.286,1.271,1.271,1.303,
H,,,,,,,,,,,,

Cycle 88 (37 h 22 min)
Raw Data (600)

,1,2,3,4,5,6,7,8,9,10,11,12,
A,,,,,,,,,,,,
B,,1.278,1.298,1.312,1.333,1.347,1.295,1.348,1.364,1.387,1.377,
C,,1.311,1.319,1.338,1.328,1.246,1.254,1.226,1.278,1.264,1.402,
D,,1.34,1.309,1.385,1.328,1.382,1.33,1.398,1.393,1.428,1.385,
E,,1.327,1.343,1.329,1.354,1.361,1.359,1.375,1.39,1.403,1.351,
F,,1.238,1.284,1.275,1.264,1.276,1.296,1.264,1.28,1.298,1.307,
G,,1.28,1.317,1.269,1.241,1.277,1.227,1.296,1.285,1.276,1.306,
H,,,,,,,,,,,,

Cycle 89 (37 h 47 min)
Raw Data (600)

,1,2,3,4,5,6,7,8,9,10,11,12,
A,,,,,,,,,,,,
B,,1.276,1.316,1.312,1.348,1.358,1.318,1.367,1.383,1.395,1.38,
C,,1.313,1.332,1.357,1.338,1.264,1.272,1.246,1.288,1.281,1.417,
D,,1.346,1.319,1.39,1.339,1.397,1.341,1.406,1.413,1.442,1.419,
E,,1.346,1.352,1.337,1.365,1.379,1.361,1.392,1.422,1.417,1.369,
F,,1.245,1.305,1.288,1.28,1.292,1.328,1.284,1.281,1.31,1.317,
G,,1.297,1.344,1.285,1.273,1.275,1.252,1.306,1.304,1.284,1.314,
H,,,,,,,,,,,,

Cycle 90 (38 h 13 min)
Raw Data (600)

,1,2,3,4,5,6,7,8,9,10,11,12,
A,,,,,,,,,,,,
B,,1.277,1.3,1.31,1.331,1.351,1.295,1.341,1.359,1.383,1.37,
C,,1.313,1.321,1.341,1.329,1.246,1.251,1.219,1.281,1.265,1.401,
D,,1.341,1.309,1.383,1.327,1.376,1.329,1.396,1.396,1.426,1.384,
E,,1.323,1.341,1.329,1.356,1.36,1.358,1.375,1.391,1.395,1.352,
F,,1.235,1.282,1.27,1.262,1.27,1.296,1.262,1.273,1.302,1.306,
G,,1.278,1.324,1.267,1.245,1.261,1.231,1.292,1.27,1.277,1.303,
H,,,,,,,,,,,,

Cycle 91 (38 h 39 min)
Raw Data (600)

,1,2,3,4,5,6,7,8,9,10,11,12,
A,,,,,,,,,,,,
B,,1.276,1.3,1.307,1.33,1.346,1.298,1.342,1.36,1.383,1.363,
C,,1.31,1.324,1.338,1.33,1.24,1.252,1.227,1.275,1.262,1.398,
D,,1.343,1.307,1.379,1.323,1.379,1.328,1.399,1.391,1.419,1.388,
E,,1.323,1.341,1.324,1.351,1.354,1.348,1.375,1.384,1.395,1.347,
F,,1.235,1.283,1.271,1.27,1.274,1.296,1.262,1.273,1.294,1.305,
G,,1.277,1.319,1.268,1.244,1.257,1.227,1.284,1.274,1.274,1.306,
H,,,,,,,,,,,,

Cycle 92 (39 h 5 min)
Raw Data (600)

,1,2,3,4,5,6,7,8,9,10,11,12,
A,,,,,,,,,,,,
B,,1.281,1.299,1.308,1.329,1.349,1.295,1.349,1.355,1.383,1.372,
C,,1.311,1.323,1.34,1.33,1.241,1.25,1.223,1.279,1.262,1.398,
D,,1.33,1.308,1.38,1.33,1.374,1.327,1.397,1.388,1.423,1.382,
E,,1.322,1.339,1.325,1.349,1.353,1.346,1.377,1.395,1.395,1.354,
F,,1.234,1.281,1.267,1.259,1.273,1.288,1.262,1.275,1.298,1.305,
G,,1.282,1.315,1.265,1.242,1.254,1.231,1.29,1.271,1.275,1.302,
H,,,,,,,,,,,,

Cycle 93 (39 h 31 min)
Raw Data (600)

,1,2,3,4,5,6,7,8,9,10,11,12,
A,,,,,,,,,,,,
B,,1.273,1.295,1.309,1.333,1.35,1.3,1.347,1.355,1.382,1.373,
C,,1.315,1.319,1.338,1.324,1.244,1.254,1.223,1.273,1.267,1.402,
D,,1.34,1.31,1.377,1.324,1.372,1.328,1.397,1.395,1.425,1.385,
E,,1.324,1.341,1.325,1.356,1.359,1.354,1.38,1.396,1.396,1.352,
F,,1.234,1.283,1.267,1.259,1.275,1.293,1.268,1.279,1.301,1.307,
G,,1.282,1.315,1.268,1.244,1.263,1.235,1.287,1.283,1.274,1.302,
H,,,,,,,,,,,,

Cycle 94 (39 h 56 min)
Raw Data (600)

,1,2,3,4,5,6,7,8,9,10,11,12,
A,,,,,,,,,,,,
B,,1.278,1.298,1.305,1.328,1.349,1.292,1.346,1.359,1.382,1.367,
C,,1.311,1.325,1.341,1.329,1.248,1.253,1.229,1.276,1.262,1.401,
D,,1.337,1.309,1.381,1.321,1.369,1.324,1.394,1.397,1.422,1.385,
E,,1.321,1.339,1.327,1.357,1.351,1.351,1.383,1.39,1.392,1.345,
F,,1.234,1.281,1.274,1.264,1.269,1.296,1.265,1.273,1.294,1.303,
G,,1.283,1.321,1.267,1.242,1.255,1.23,1.29,1.273,1.272,1.302,
H,,,,,,,,,,,,

Cycle 95 (40 h 22 min)
Raw Data (600)

,1,2,3,4,5,6,7,8,9,10,11,12,
A,,,,,,,,,,,,
B,,1.278,1.302,1.305,1.328,1.346,1.29,1.346,1.354,1.383,1.37,
C,,1.31,1.321,1.337,1.329,1.245,1.25,1.225,1.27,1.261,1.402,
D,,1.341,1.308,1.377,1.324,1.379,1.324,1.395,1.395,1.422,1.386,
E,,1.326,1.338,1.323,1.353,1.359,1.355,1.372,1.388,1.392,1.344,
F,,1.234,1.282,1.266,1.258,1.27,1.303,1.269,1.27,1.297,1.305,
G,,1.281,1.32,1.269,1.239,1.259,1.237,1.284,1.27,1.272,1.302,
H,,,,,,,,,,,,

Cycle 96 (40 h 48 min)
Raw Data (600)

,1,2,3,4,5,6,7,8,9,10,11,12,
A,,,,,,,,,,,,
B,,1.27,1.305,1.31,1.326,1.345,1.286,1.335,1.349,1.388,1.365,
C,,1.308,1.318,1.332,1.333,1.239,1.246,1.22,1.268,1.254,1.397,
D,,1.339,1.305,1.377,1.323,1.364,1.319,1.39,1.387,1.418,1.385,
E,,1.323,1.339,1.326,1.35,1.363,1.353,1.37,1.382,1.387,1.346,
F,,1.236,1.282,1.271,1.259,1.272,1.293,1.262,1.269,1.294,1.304,
G,,1.28,1.305,1.27,1.242,1.274,1.269,1.279,1.264,1.274,1.301,
H,,,,,,,,,,,,

Cycle 97 (41 h 14 min)
Raw Data (600)

,1,2,3,4,5,6,7,8,9,10,11,12,
A,,,,,,,,,,,,
B,,1.273,1.296,1.302,1.325,1.346,1.285,1.342,1.37,1.381,1.368,
C,,1.308,1.319,1.335,1.322,1.238,1.248,1.228,1.267,1.257,1.401,
D,,1.337,1.306,1.377,1.318,1.366,1.323,1.39,1.388,1.416,1.379,
E,,1.32,1.34,1.323,1.356,1.359,1.348,1.374,1.381,1.392,1.347,
F,,1.235,1.281,1.263,1.258,1.267,1.308,1.258,1.274,1.287,1.3,
G,,1.28,1.309,1.266,1.243,1.271,1.231,1.29,1.272,1.27,1.296,
H,,,,,,,,,,,,

Cycle 98 (41 h 40 min)
Raw Data (600)

,1,2,3,4,5,6,7,8,9,10,11,12,
A,,,,,,,,,,,,
B,,1.27,1.298,1.308,1.328,1.349,1.302,1.341,1.343,1.382,1.362,
C,,1.313,1.321,1.331,1.327,1.238,1.249,1.222,1.269,1.253,1.399,
D,,1.335,1.306,1.375,1.321,1.366,1.325,1.397,1.387,1.413,1.381,
E,,1.32,1.339,1.327,1.35,1.357,1.351,1.373,1.385,1.388,1.345,
F,,1.236,1.283,1.266,1.266,1.277,1.289,1.26,1.272,1.29,1.299,
G,,1.283,1.319,1.269,1.25,1.256,1.23,1.282,1.278,1.27,1.3,
H,,,,,,,,,,,,

Cycle 99 (42 h 5 min)
Raw Data (600)

,1,2,3,4,5,6,7,8,9,10,11,12,
A,,,,,,,,,,,,
B,,1.273,1.297,1.308,1.325,1.353,1.29,1.346,1.358,1.379,1.361,
C,,1.309,1.32,1.337,1.334,1.24,1.251,1.217,1.271,1.26,1.397,
D,,1.334,1.306,1.382,1.32,1.368,1.327,1.403,1.39,1.418,1.379,
E,,1.322,1.338,1.323,1.353,1.36,1.346,1.373,1.391,1.39,1.347,
F,,1.234,1.279,1.264,1.263,1.276,1.294,1.266,1.272,1.294,1.295,
G,,1.28,1.316,1.266,1.24,1.266,1.228,1.294,1.266,1.266,1.298,
H,,,,,,,,,,,,

Cycle 100 (42 h 31 min)
Raw Data (600)

,1,2,3,4,5,6,7,8,9,10,11,12,
A,,,,,,,,,,,,
B,,1.272,1.3,1.306,1.324,1.347,1.299,1.345,1.353,1.379,1.365,
C,,1.309,1.317,1.337,1.319,1.238,1.252,1.224,1.271,1.258,1.399,
D,,1.328,1.308,1.376,1.323,1.368,1.319,1.393,1.394,1.415,1.38,
E,,1.321,1.34,1.327,1.354,1.354,1.347,1.374,1.389,1.392,1.34,
F,,1.23,1.282,1.268,1.26,1.263,1.304,1.257,1.273,1.293,1.301,
G,,1.279,1.31,1.269,1.241,1.264,1.241,1.28,1.286,1.277,1.3,
H,,,,,,,,,,,,

Cycle 101 (42 h 57 min)
Raw Data (600)

,1,2,3,4,5,6,7,8,9,10,11,12,
A,,,,,,,,,,,,
B,,1.27,1.296,1.304,1.323,1.355,1.297,1.345,1.349,1.375,1.36,
C,,1.308,1.317,1.335,1.325,1.243,1.25,1.216,1.268,1.255,1.397,
D,,1.329,1.305,1.376,1.32,1.366,1.321,1.393,1.387,1.417,1.38,
E,,1.321,1.339,1.321,1.358,1.36,1.35,1.369,1.381,1.384,1.345,
F,,1.234,1.28,1.264,1.257,1.272,1.292,1.26,1.271,1.291,1.299,
G,,1.28,1.318,1.269,1.244,1.261,1.227,1.279,1.285,1.266,1.296,
H,,,,,,,,,,,,

Cycle 102 (43 h 23 min)
Raw Data (600)

,1,2,3,4,5,6,7,8,9,10,11,12,
A,,,,,,,,,,,,
B,,1.269,1.292,1.301,1.32,1.349,1.29,1.341,1.344,1.378,1.36,
C,,1.309,1.319,1.339,1.326,1.237,1.247,1.221,1.271,1.265,1.398,
D,,1.332,1.303,1.378,1.325,1.374,1.324,1.399,1.395,1.419,1.38,
E,,1.32,1.339,1.325,1.352,1.363,1.354,1.371,1.384,1.393,1.341,
F,,1.231,1.28,1.268,1.26,1.272,1.293,1.259,1.271,1.29,1.298,
G,,1.278,1.315,1.263,1.245,1.268,1.23,1.294,1.278,1.266,1.299,
H,,,,,,,,,,,,

Cycle 103 (43 h 49 min)
Raw Data (600)

,1,2,3,4,5,6,7,8,9,10,11,12,
A,,,,,,,,,,,,
B,,1.272,1.293,1.306,1.324,1.353,1.283,1.342,1.354,1.379,1.36,
C,,1.307,1.318,1.327,1.323,1.242,1.251,1.233,1.271,1.262,1.393,
D,,1.329,1.303,1.378,1.323,1.371,1.32,1.393,1.386,1.415,1.38,
E,,1.315,1.338,1.321,1.349,1.354,1.352,1.37,1.387,1.379,1.345,
F,,1.23,1.279,1.265,1.259,1.269,1.293,1.266,1.268,1.289,1.303,
G,,1.281,1.317,1.264,1.244,1.258,1.236,1.333,1.272,1.267,1.301,
H,,,,,,,,,,,,

Cycle 104 (44 h 15 min)
Raw Data (600)

,1,2,3,4,5,6,7,8,9,10,11,12,
A,,,,,,,,,,,,
B,,1.274,1.298,1.307,1.325,1.349,1.28,1.342,1.352,1.379,1.364,
C,,1.309,1.32,1.328,1.329,1.248,1.253,1.234,1.273,1.262,1.395,
D,,1.329,1.304,1.377,1.327,1.367,1.32,1.395,1.388,1.415,1.379,
E,,1.318,1.337,1.323,1.352,1.367,1.353,1.371,1.38,1.379,1.346,
F,,1.227,1.278,1.268,1.265,1.277,1.294,1.266,1.272,1.297,1.3,
G,,1.278,1.319,1.267,1.246,1.26,1.239,1.282,1.273,1.268,1.297,
H,,,,,,,,,,,,

Cycle 105 (44 h 40 min)
Raw Data (600)

,1,2,3,4,5,6,7,8,9,10,11,12,
A,,,,,,,,,,,,
B,,1.267,1.296,1.301,1.321,1.343,1.294,1.344,1.351,1.378,1.363,
C,,1.313,1.32,1.333,1.322,1.244,1.251,1.235,1.271,1.259,1.396,
D,,1.331,1.303,1.374,1.322,1.363,1.319,1.393,1.389,1.415,1.38,
E,,1.318,1.335,1.32,1.349,1.356,1.348,1.372,1.387,1.382,1.345,
F,,1.228,1.276,1.263,1.257,1.272,1.29,1.262,1.266,1.299,1.296,
G,,1.277,1.311,1.267,1.245,1.281,1.23,1.284,1.279,1.265,1.292,
H,,,,,,,,,,,,

Cycle 106 (45 h 6 min)
Raw Data (600)

,1,2,3,4,5,6,7,8,9,10,11,12,
A,,,,,,,,,,,,
B,,1.27,1.297,1.304,1.32,1.347,1.285,1.343,1.365,1.377,1.348,
C,,1.303,1.317,1.327,1.318,1.236,1.247,1.223,1.268,1.252,1.389,
D,,1.33,1.303,1.378,1.319,1.371,1.32,1.386,1.383,1.406,1.376,
E,,1.319,1.339,1.321,1.349,1.367,1.348,1.369,1.375,1.378,1.346,
F,,1.23,1.279,1.265,1.256,1.261,1.294,1.253,1.268,1.289,1.294,
G,,1.28,1.311,1.265,1.243,1.271,1.229,1.274,1.271,1.267,1.299,
H,,,,,,,,,,,,

Cycle 107 (45 h 32 min)
Raw Data (600)

,1,2,3,4,5,6,7,8,9,10,11,12,
A,,,,,,,,,,,,
B,,1.267,1.293,1.301,1.324,1.344,1.295,1.341,1.346,1.377,1.354,
C,,1.305,1.32,1.335,1.322,1.24,1.248,1.234,1.267,1.256,1.391,
D,,1.332,1.304,1.375,1.318,1.374,1.326,1.39,1.386,1.412,1.378,
E,,1.316,1.337,1.321,1.352,1.359,1.347,1.369,1.385,1.38,1.343,
F,,1.227,1.28,1.263,1.257,1.267,1.305,1.264,1.264,1.287,1.296,
G,,1.281,1.32,1.266,1.247,1.257,1.229,1.288,1.273,1.265,1.294,
H,,,,,,,,,,,,

Cycle 108 (45 h 58 min)
Raw Data (600)

,1,2,3,4,5,6,7,8,9,10,11,12,
A,,,,,,,,,,,,
B,,1.266,1.295,1.305,1.321,1.347,1.301,1.34,1.347,1.376,1.359,
C,,1.304,1.319,1.333,1.325,1.241,1.246,1.228,1.27,1.258,1.394,
D,,1.331,1.305,1.374,1.323,1.367,1.315,1.391,1.383,1.412,1.375,
E,,1.315,1.335,1.323,1.356,1.36,1.344,1.369,1.382,1.379,1.337,
F,,1.228,1.278,1.263,1.258,1.27,1.291,1.258,1.263,1.284,1.298,
G,,1.277,1.32,1.267,1.249,1.257,1.234,1.294,1.281,1.264,1.296,
H,,,,,,,,,,,,

Cycle 109 (46 h 24 min)
Raw Data (600)

,1,2,3,4,5,6,7,8,9,10,11,12,
A,,,,,,,,,,,,
B,,1.265,1.298,1.302,1.319,1.341,1.29,1.34,1.341,1.374,1.361,
C,,1.304,1.319,1.333,1.318,1.243,1.247,1.218,1.263,1.254,1.388,
D,,1.325,1.3,1.374,1.321,1.368,1.316,1.391,1.383,1.409,1.371,
E,,1.316,1.331,1.322,1.343,1.361,1.348,1.375,1.375,1.379,1.339,
F,,1.225,1.274,1.267,1.257,1.264,1.291,1.255,1.264,1.287,1.289,
G,,1.278,1.314,1.264,1.245,1.264,1.228,1.288,1.275,1.262,1.292,
H,,,,,,,,,,,,

Cycle 110 (46 h 49 min)
Raw Data (600)

,1,2,3,4,5,6,7,8,9,10,11,12,
A,,,,,,,,,,,,
B,,1.262,1.292,1.299,1.317,1.348,1.293,1.339,1.347,1.374,1.358,
C,,1.307,1.319,1.33,1.323,1.24,1.245,1.223,1.264,1.254,1.393,
D,,1.332,1.301,1.371,1.316,1.367,1.314,1.396,1.383,1.406,1.381,
E,,1.313,1.335,1.317,1.347,1.359,1.347,1.363,1.381,1.381,1.338,
F,,1.228,1.276,1.258,1.26,1.275,1.303,1.258,1.265,1.284,1.292,
G,,1.281,1.313,1.266,1.245,1.276,1.229,1.282,1.276,1.261,1.294,
H,,,,,,,,,,,,

Cycle 111 (47 h 15 min)
Raw Data (600)

,1,2,3,4,5,6,7,8,9,10,11,12,
A,,,,,,,,,,,,
B,,1.266,1.289,1.3,1.319,1.347,1.293,1.337,1.346,1.375,1.359,
C,,1.299,1.314,1.332,1.32,1.24,1.248,1.221,1.264,1.254,1.393,
D,,1.327,1.299,1.372,1.32,1.362,1.317,1.399,1.384,1.409,1.373,
E,,1.315,1.336,1.322,1.358,1.361,1.341,1.364,1.383,1.381,1.338,
F,,1.222,1.278,1.264,1.257,1.265,1.296,1.255,1.266,1.286,1.294,
G,,1.277,1.316,1.264,1.242,1.261,1.232,1.283,1.271,1.261,1.296,
H,,,,,,,,,,,,

Cycle 112 (47 h 41 min)
Raw Data (600)

,1,2,3,4,5,6,7,8,9,10,11,12,
A,,,,,,,,,,,,
B,,1.266,1.295,1.298,1.317,1.346,1.292,1.342,1.337,1.372,1.361,
C,,1.302,1.315,1.33,1.322,1.246,1.25,1.232,1.267,1.255,1.39,
D,,1.33,1.302,1.373,1.317,1.361,1.316,1.399,1.383,1.41,1.375,
E,,1.314,1.332,1.316,1.347,1.351,1.342,1.367,1.38,1.38,1.339,
F,,1.227,1.276,1.263,1.255,1.263,1.291,1.259,1.265,1.287,1.296,
G,,1.275,1.32,1.268,1.244,1.258,1.224,1.281,1.271,1.266,1.292,
H,,,,,,,,,,,,

Cycle 113 (48 h 7 min)
Raw Data (600)

,1,2,3,4,5,6,7,8,9,10,11,12,
A,,,,,,,,,,,,
B,,1.268,1.294,1.298,1.319,1.343,1.288,1.338,1.345,1.374,1.358,
C,,1.303,1.315,1.323,1.323,1.244,1.247,1.224,1.268,1.257,1.389,
D,,1.319,1.302,1.374,1.32,1.364,1.319,1.395,1.389,1.412,1.373,
E,,1.313,1.334,1.321,1.355,1.357,1.343,1.368,1.381,1.375,1.336,
F,,1.224,1.276,1.264,1.258,1.269,1.293,1.26,1.269,1.286,1.291,
G,,1.276,1.315,1.263,1.24,1.285,1.229,1.278,1.281,1.259,1.292,
H,,,,,,,,,,,,

Cycle 114 (48 h 33 min)
Raw Data (600)

,1,2,3,4,5,6,7,8,9,10,11,12,
A,,,,,,,,,,,,
B,,1.27,1.295,1.298,1.317,1.342,1.288,1.34,1.337,1.372,1.357,
C,,1.301,1.314,1.329,1.322,1.245,1.25,1.226,1.261,1.253,1.39,
D,,1.319,1.301,1.371,1.32,1.362,1.318,1.392,1.382,1.408,1.376,
E,,1.315,1.332,1.317,1.355,1.35,1.345,1.363,1.375,1.379,1.345,
F,,1.224,1.274,1.262,1.264,1.269,1.296,1.257,1.261,1.283,1.294,
G,,1.279,1.317,1.265,1.245,1.26,1.228,1.282,1.274,1.264,1.298,
H,,,,,,,,,,,,

Cycle 115 (48 h 59 min)
Raw Data (600)

,1,2,3,4,5,6,7,8,9,10,11,12,
A,,,,,,,,,,,,
B,,1.267,1.294,1.298,1.315,1.344,1.287,1.339,1.338,1.371,1.35,
C,,1.307,1.312,1.337,1.321,1.243,1.247,1.216,1.267,1.252,1.383,
D,,1.321,1.3,1.374,1.321,1.362,1.316,1.385,1.379,1.409,1.374,
E,,1.311,1.331,1.318,1.353,1.359,1.342,1.362,1.374,1.383,1.341,
F,,1.226,1.275,1.262,1.26,1.268,1.286,1.256,1.26,1.282,1.293,
G,,1.276,1.317,1.262,1.242,1.259,1.231,1.284,1.271,1.258,1.289,
H,,,,,,,,,,,,

Cycle 116 (49 h 24 min)
Raw Data (600)

,1,2,3,4,5,6,7,8,9,10,11,12,
A,,,,,,,,,,,,
B,,1.268,1.294,1.297,1.316,1.346,1.275,1.338,1.34,1.374,1.355,
C,,1.3,1.317,1.329,1.328,1.242,1.246,1.218,1.262,1.255,1.391,
D,,1.319,1.301,1.372,1.322,1.369,1.315,1.392,1.384,1.411,1.373,
E,,1.313,1.331,1.319,1.345,1.354,1.347,1.365,1.379,1.386,1.334,
F,,1.229,1.273,1.259,1.256,1.268,1.298,1.26,1.266,1.284,1.291,
G,,1.275,1.313,1.263,1.238,1.272,1.23,1.284,1.275,1.262,1.292,
H,,,,,,,,,,,,

Cycle 117 (49 h 50 min)
Raw Data (600)

,1,2,3,4,5,6,7,8,9,10,11,12,
A,,,,,,,,,,,,
B,,1.265,1.293,1.298,1.314,1.348,1.276,1.332,1.331,1.37,1.349,
C,,1.302,1.315,1.334,1.317,1.238,1.244,1.234,1.266,1.253,1.384,
D,,1.319,1.301,1.374,1.321,1.366,1.311,1.389,1.381,1.403,1.364,
E,,1.315,1.334,1.315,1.348,1.36,1.342,1.364,1.376,1.372,1.332,
F,,1.226,1.277,1.264,1.256,1.262,1.291,1.258,1.267,1.281,1.289,
G,,1.276,1.321,1.265,1.242,1.268,1.228,1.283,1.273,1.26,1.291,
H,,,,,,,,,,,,

Cycle 118 (50 h 16 min)
Raw Data (600)

,1,2,3,4,5,6,7,8,9,10,11,12,
A,,,,,,,,,,,,
B,,1.266,1.291,1.302,1.319,1.343,1.291,1.337,1.335,1.372,1.35,
C,,1.302,1.312,1.326,1.321,1.238,1.246,1.222,1.262,1.252,1.388,
D,,1.321,1.3,1.373,1.322,1.363,1.315,1.391,1.379,1.403,1.369,
E,,1.312,1.335,1.317,1.355,1.361,1.345,1.363,1.382,1.381,1.338,
F,,1.223,1.277,1.262,1.258,1.266,1.29,1.252,1.262,1.282,1.292,
G,,1.275,1.316,1.261,1.242,1.266,1.229,1.276,1.261,1.263,1.292,
H,,,,,,,,,,,,

Cycle 119 (50 h 42 min)
Raw Data (600)

,1,2,3,4,5,6,7,8,9,10,11,12,
A,,,,,,,,,,,,
B,,1.263,1.293,1.296,1.313,1.341,1.286,1.337,1.326,1.371,1.348,
C,,1.302,1.314,1.324,1.323,1.24,1.242,1.222,1.26,1.25,1.387,
D,,1.321,1.298,1.369,1.322,1.36,1.31,1.386,1.377,1.399,1.365,
E,,1.308,1.329,1.317,1.343,1.357,1.34,1.362,1.381,1.37,1.337,
F,,1.222,1.271,1.262,1.261,1.27,1.296,1.255,1.265,1.279,1.293,
G,,1.274,1.313,1.263,1.243,1.259,1.228,1.273,1.269,1.262,1.293,
H,,,,,,,,,,,,

Cycle 120 (51 h 8 min)
Raw Data (600)

,1,2,3,4,5,6,7,8,9,10,11,12,
A,,,,,,,,,,,,
B,,1.262,1.288,1.301,1.312,1.341,1.282,1.339,1.335,1.372,1.346,
C,,1.302,1.313,1.326,1.326,1.236,1.25,1.225,1.261,1.252,1.387,
D,,1.325,1.298,1.372,1.313,1.364,1.312,1.387,1.383,1.404,1.367,
E,,1.309,1.325,1.313,1.349,1.352,1.339,1.362,1.377,1.38,1.337,
F,,1.221,1.271,1.259,1.252,1.264,1.294,1.256,1.267,1.283,1.288,
G,,1.273,1.315,1.264,1.242,1.262,1.224,1.282,1.266,1.258,1.291,
H,,,,,,,,,,,,

Cycle 121 (51 h 33 min)
Raw Data (600)

,1,2,3,4,5,6,7,8,9,10,11,12,
A,,,,,,,,,,,,
B,,1.262,1.291,1.296,1.315,1.346,1.28,1.337,1.34,1.369,1.351,
C,,1.301,1.311,1.325,1.322,1.234,1.242,1.214,1.262,1.25,1.386,
D,,1.32,1.297,1.371,1.313,1.359,1.31,1.394,1.378,1.403,1.372,
E,,1.309,1.327,1.319,1.347,1.357,1.337,1.361,1.375,1.375,1.333,
F,,1.22,1.275,1.26,1.254,1.265,1.292,1.257,1.261,1.284,1.293,
G,,1.276,1.314,1.263,1.245,1.259,1.235,1.278,1.269,1.258,1.291,
H,,,,,,,,,,,,

Cycle 122 (51 h 59 min)
Raw Data (600)

,1,2,3,4,5,6,7,8,9,10,11,12,
A,,,,,,,,,,,,
B,,1.261,1.289,1.295,1.313,1.346,1.292,1.339,1.338,1.373,1.356,
C,,1.302,1.315,1.33,1.33,1.241,1.249,1.217,1.263,1.254,1.385,
D,,1.318,1.297,1.369,1.326,1.362,1.314,1.387,1.383,1.407,1.365,
E,,1.309,1.328,1.316,1.35,1.357,1.339,1.36,1.376,1.373,1.329,
F,,1.223,1.277,1.264,1.259,1.263,1.301,1.259,1.265,1.277,1.293,
G,,1.278,1.319,1.264,1.243,1.268,1.232,1.288,1.265,1.253,1.292,
H,,,,,,,,,,,,

Cycle 123 (52 h 25 min)
Raw Data (600)

,1,2,3,4,5,6,7,8,9,10,11,12,
A,,,,,,,,,,,,
B,,1.263,1.291,1.295,1.313,1.346,1.288,1.339,1.341,1.369,1.354,
C,,1.297,1.311,1.324,1.318,1.239,1.244,1.214,1.264,1.252,1.386,
D,,1.316,1.296,1.369,1.322,1.367,1.31,1.388,1.379,1.401,1.368,
E,,1.307,1.329,1.314,1.351,1.36,1.342,1.367,1.376,1.37,1.337,
F,,1.225,1.274,1.259,1.259,1.271,1.328,1.26,1.265,1.282,1.294,
G,,1.275,1.315,1.264,1.24,1.263,1.232,1.274,1.26,1.256,1.291,
H,,,,,,,,,,,,

Cycle 124 (52 h 51 min)
Raw Data (600)

,1,2,3,4,5,6,7,8,9,10,11,12,
A,,,,,,,,,,,,
B,,1.263,1.293,1.295,1.312,1.341,1.287,1.33,1.343,1.369,1.345,
C,,1.298,1.309,1.326,1.325,1.237,1.242,1.22,1.263,1.252,1.388,
D,,1.319,1.298,1.375,1.32,1.363,1.311,1.388,1.379,1.401,1.369,
E,,1.308,1.324,1.313,1.345,1.352,1.337,1.358,1.37,1.37,1.331,
F,,1.222,1.268,1.263,1.259,1.266,1.295,1.261,1.262,1.278,1.287,
G,,1.274,1.316,1.26,1.24,1.269,1.232,1.276,1.277,1.259,1.287,
H,,,,,,,,,,,,

Cycle 125 (53 h 17 min)
Raw Data (600)

,1,2,3,4,5,6,7,8,9,10,11,12,
A,,,,,,,,,,,,
B,,1.257,1.289,1.294,1.312,1.342,1.277,1.333,1.335,1.363,1.344,
C,,1.298,1.31,1.322,1.324,1.241,1.249,1.222,1.264,1.251,1.386,
D,,1.317,1.297,1.37,1.318,1.362,1.307,1.389,1.375,1.402,1.368,
E,,1.306,1.326,1.312,1.349,1.356,1.34,1.365,1.377,1.371,1.333,
F,,1.221,1.272,1.262,1.262,1.267,1.293,1.26,1.264,1.281,1.29,
G,,1.272,1.313,1.261,1.24,1.262,1.235,1.273,1.277,1.26,1.293,
H,,,,,,,,,,,,

Cycle 126 (53 h 42 min)
Raw Data (600)

,1,2,3,4,5,6,7,8,9,10,11,12,
A,,,,,,,,,,,,
B,,1.262,1.287,1.293,1.31,1.34,1.288,1.337,1.335,1.367,1.347,
C,,1.296,1.313,1.324,1.323,1.242,1.247,1.217,1.262,1.248,1.387,
D,,1.321,1.298,1.366,1.314,1.361,1.306,1.391,1.377,1.402,1.363,
E,,1.306,1.324,1.311,1.346,1.352,1.336,1.356,1.378,1.376,1.334,
F,,1.219,1.269,1.257,1.254,1.263,1.284,1.262,1.258,1.281,1.291,
G,,1.269,1.318,1.263,1.238,1.264,1.229,1.277,1.259,1.254,1.288,
H,,,,,,,,,,,,

Cycle 127 (54 h 8 min)
Raw Data (600)

,1,2,3,4,5,6,7,8,9,10,11,12,
A,,,,,,,,,,,,
B,,1.26,1.288,1.294,1.311,1.341,1.278,1.329,1.332,1.364,1.348,
C,,1.299,1.306,1.325,1.319,1.238,1.247,1.217,1.258,1.242,1.384,
D,,1.317,1.294,1.365,1.314,1.359,1.306,1.392,1.373,1.398,1.364,
E,,1.307,1.324,1.311,1.348,1.349,1.332,1.357,1.375,1.367,1.333,
F,,1.22,1.273,1.261,1.258,1.261,1.296,1.255,1.261,1.272,1.287,
G,,1.276,1.317,1.262,1.24,1.276,1.232,1.277,1.275,1.255,1.289,
H,,,,,,,,,,,,

Cycle 128 (54 h 34 min)
Raw Data (600)

,1,2,3,4,5,6,7,8,9,10,11,12,
A,,,,,,,,,,,,
B,,1.259,1.29,1.292,1.311,1.339,1.278,1.33,1.34,1.365,1.345,
C,,1.292,1.306,1.319,1.316,1.235,1.243,1.219,1.259,1.244,1.384,
D,,1.314,1.295,1.365,1.315,1.359,1.305,1.381,1.37,1.396,1.364,
E,,1.304,1.325,1.31,1.348,1.35,1.331,1.357,1.37,1.372,1.335,
F,,1.22,1.269,1.259,1.26,1.263,1.292,1.251,1.259,1.28,1.29,
G,,1.27,1.315,1.262,1.238,1.261,1.225,1.271,1.266,1.251,1.293,
H,,,,,,,,,,,,

Cycle 129 (54 h 60 min)
Raw Data (600)

,1,2,3,4,5,6,7,8,9,10,11,12,
A,,,,,,,,,,,,
B,,1.257,1.288,1.293,1.311,1.342,1.285,1.334,1.339,1.366,1.342,
C,,1.299,1.308,1.321,1.315,1.235,1.246,1.211,1.254,1.24,1.384,
D,,1.309,1.294,1.37,1.323,1.361,1.304,1.381,1.375,1.391,1.362,
E,,1.308,1.322,1.312,1.349,1.351,1.339,1.362,1.372,1.367,1.334,
F,,1.222,1.274,1.258,1.254,1.271,1.291,1.255,1.265,1.27,1.287,
G,,1.272,1.314,1.264,1.244,1.265,1.232,1.277,1.27,1.26,1.289,
H,,,,,,,,,,,,

Cycle 130 (55 h 26 min)
Raw Data (600)

,1,2,3,4,5,6,7,8,9,10,11,12,
A,,,,,,,,,,,,
B,,1.258,1.287,1.292,1.311,1.341,1.279,1.337,1.339,1.366,1.342,
C,,1.296,1.309,1.321,1.317,1.236,1.24,1.219,1.26,1.244,1.384,
D,,1.311,1.295,1.367,1.315,1.36,1.305,1.385,1.372,1.396,1.36,
E,,1.303,1.324,1.313,1.342,1.352,1.336,1.357,1.375,1.364,1.33,
F,,1.221,1.272,1.259,1.254,1.262,1.289,1.256,1.258,1.271,1.286,
G,,1.27,1.311,1.263,1.238,1.267,1.228,1.281,1.264,1.255,1.29,
H,,,,,,,,,,,,

Cycle 131 (55 h 52 min)
Raw Data (600)

,1,2,3,4,5,6,7,8,9,10,11,12,
A,,,,,,,,,,,,
B,,1.26,1.287,1.293,1.308,1.341,1.278,1.332,1.332,1.365,1.351,
C,,1.296,1.309,1.322,1.32,1.234,1.243,1.217,1.255,1.242,1.383,
D,,1.311,1.296,1.366,1.312,1.361,1.3,1.38,1.372,1.398,1.361,
E,,1.306,1.325,1.309,1.35,1.352,1.338,1.359,1.372,1.375,1.328,
F,,1.22,1.27,1.259,1.249,1.262,1.295,1.252,1.259,1.273,1.288,
G,,1.271,1.318,1.262,1.237,1.26,1.228,1.272,1.275,1.26,1.288,
H,,,,,,,,,,,,

Cycle 132 (56 h 17 min)
Raw Data (600)

,1,2,3,4,5,6,7,8,9,10,11,12,
A,,,,,,,,,,,,
B,,1.26,1.285,1.298,1.308,1.34,1.284,1.329,1.335,1.365,1.345,
C,,1.298,1.309,1.319,1.324,1.233,1.245,1.216,1.256,1.246,1.384,
D,,1.309,1.296,1.363,1.317,1.359,1.303,1.382,1.374,1.393,1.361,
E,,1.304,1.324,1.31,1.346,1.353,1.335,1.354,1.366,1.358,1.328,
F,,1.216,1.271,1.255,1.252,1.263,1.294,1.249,1.256,1.275,1.293,
G,,1.272,1.316,1.26,1.238,1.267,1.236,1.268,1.261,1.255,1.292,
H,,,,,,,,,,,,

Cycle 133 (56 h 43 min)
Raw Data (600)

,1,2,3,4,5,6,7,8,9,10,11,12,
A,,,,,,,,,,,,
B,,1.255,1.288,1.29,1.306,1.339,1.283,1.331,1.336,1.367,1.341,
C,,1.295,1.307,1.317,1.315,1.239,1.243,1.211,1.257,1.244,1.384,
D,,1.308,1.293,1.366,1.318,1.363,1.307,1.385,1.373,1.393,1.359,
E,,1.302,1.323,1.307,1.349,1.355,1.337,1.357,1.366,1.362,1.327,
F,,1.214,1.268,1.262,1.25,1.259,1.288,1.254,1.258,1.279,1.286,
G,,1.269,1.309,1.26,1.24,1.27,1.228,1.272,1.276,1.255,1.291,
H,,,,,,,,,,,,

Cycle 134 (57 h 9 min)
Raw Data (600)

,1,2,3,4,5,6,7,8,9,10,11,12,
A,,,,,,,,,,,,
B,,1.259,1.285,1.29,1.305,1.342,1.285,1.332,1.336,1.361,1.339,
C,,1.298,1.31,1.32,1.317,1.237,1.239,1.218,1.256,1.24,1.378,
D,,1.314,1.29,1.361,1.311,1.355,1.303,1.379,1.373,1.388,1.361,
E,,1.302,1.323,1.307,1.338,1.35,1.333,1.35,1.369,1.362,1.322,
F,,1.217,1.269,1.256,1.255,1.264,1.286,1.252,1.256,1.27,1.288,
G,,1.266,1.309,1.259,1.24,1.262,1.232,1.272,1.269,1.252,1.285,
H,,,,,,,,,,,,

Cycle 135 (57 h 35 min)
Raw Data (600)

,1,2,3,4,5,6,7,8,9,10,11,12,
A,,,,,,,,,,,,
B,,1.257,1.285,1.288,1.309,1.339,1.279,1.332,1.333,1.362,1.338,
C,,1.297,1.306,1.321,1.316,1.234,1.244,1.217,1.255,1.24,1.38,
D,,1.315,1.293,1.364,1.311,1.356,1.302,1.384,1.369,1.388,1.359,
E,,1.301,1.321,1.309,1.346,1.342,1.335,1.354,1.365,1.361,1.327,
F,,1.219,1.267,1.254,1.253,1.258,1.289,1.253,1.257,1.271,1.293,
G,,1.268,1.309,1.26,1.236,1.279,1.236,1.272,1.268,1.247,1.287,
H,,,,,,,,,,,,

Cycle 136 (58 h 1 min)
Raw Data (600)

,1,2,3,4,5,6,7,8,9,10,11,12,
A,,,,,,,,,,,,
B,,1.256,1.282,1.288,1.306,1.336,1.272,1.332,1.327,1.367,1.345,
C,,1.292,1.304,1.315,1.312,1.24,1.245,1.218,1.255,1.244,1.383,
D,,1.306,1.292,1.365,1.308,1.356,1.304,1.376,1.371,1.391,1.357,
E,,1.301,1.322,1.312,1.35,1.348,1.329,1.354,1.364,1.37,1.322,
F,,1.217,1.268,1.26,1.253,1.259,1.29,1.259,1.26,1.273,1.283,
G,,1.27,1.315,1.259,1.236,1.268,1.229,1.276,1.272,1.251,1.284,
H,,,,,,,,,,,,

Cycle 137 (58 h 26 min)
Raw Data (600)

,1,2,3,4,5,6,7,8,9,10,11,12,
A,,,,,,,,,,,,
B,,1.257,1.287,1.292,1.303,1.342,1.281,1.331,1.333,1.361,1.34,
C,,1.293,1.304,1.315,1.318,1.231,1.241,1.215,1.252,1.238,1.379,
D,,1.309,1.289,1.363,1.314,1.356,1.302,1.38,1.367,1.386,1.357,
E,,1.3,1.32,1.304,1.348,1.349,1.325,1.351,1.365,1.364,1.327,
F,,1.214,1.269,1.253,1.248,1.257,1.284,1.256,1.252,1.273,1.287,
G,,1.268,1.312,1.259,1.238,1.256,1.234,1.268,1.264,1.254,1.29,
H,,,,,,,,,,,,

Cycle 138 (58 h 52 min)
Raw Data (600)

,1,2,3,4,5,6,7,8,9,10,11,12,
A,,,,,,,,,,,,
B,,1.257,1.288,1.288,1.306,1.331,1.279,1.33,1.325,1.362,1.34,
C,,1.291,1.303,1.317,1.311,1.233,1.239,1.214,1.255,1.242,1.38,
D,,1.306,1.295,1.365,1.31,1.352,1.301,1.377,1.369,1.391,1.355,
E,,1.301,1.32,1.31,1.348,1.353,1.329,1.35,1.361,1.409,1.32,
F,,1.21,1.268,1.258,1.248,1.268,1.286,1.247,1.258,1.27,1.28,
G,,1.267,1.309,1.26,1.234,1.256,1.225,1.268,1.266,1.252,1.29,
H,,,,,,,,,,,,

Cycle 139 (59 h 18 min)
Raw Data (600)

,1,2,3,4,5,6,7,8,9,10,11,12,
A,,,,,,,,,,,,
B,,1.251,1.283,1.29,1.304,1.339,1.277,1.331,1.327,1.362,1.345,
C,,1.294,1.308,1.314,1.311,1.235,1.244,1.21,1.252,1.24,1.382,
D,,1.31,1.292,1.364,1.311,1.361,1.303,1.381,1.368,1.387,1.356,
E,,1.301,1.322,1.308,1.348,1.353,1.332,1.349,1.365,1.361,1.318,
F,,1.219,1.267,1.259,1.254,1.256,1.293,1.244,1.25,1.268,1.287,
G,,1.265,1.314,1.26,1.235,1.262,1.232,1.271,1.261,1.251,1.286,
H,,,,,,,,,,,,

Cycle 140 (59 h 44 min)
Raw Data (600)

,1,2,3,4,5,6,7,8,9,10,11,12,
A,,,,,,,,,,,,
B,,1.255,1.281,1.29,1.303,1.339,1.274,1.331,1.326,1.36,1.341,
C,,1.294,1.304,1.318,1.317,1.235,1.238,1.208,1.255,1.236,1.377,
D,,1.314,1.29,1.357,1.31,1.354,1.299,1.38,1.366,1.387,1.352,
E,,1.297,1.318,1.309,1.349,1.347,1.33,1.347,1.363,1.373,1.318,
F,,1.216,1.267,1.257,1.248,1.257,1.291,1.249,1.253,1.27,1.288,
G,,1.268,1.303,1.262,1.235,1.262,1.23,1.276,1.266,1.247,1.286,
H,,,,,,,,,,,,

Cycle 141 (60 h 10 min)
Raw Data (600)

,1,2,3,4,5,6,7,8,9,10,11,12,
A,,,,,,,,,,,,
B,,1.254,1.281,1.289,1.303,1.334,1.277,1.327,1.329,1.361,1.341,
C,,1.292,1.304,1.317,1.311,1.233,1.24,1.204,1.25,1.239,1.377,
D,,1.312,1.287,1.358,1.308,1.355,1.301,1.379,1.368,1.386,1.35,
E,,1.298,1.319,1.309,1.339,1.343,1.335,1.345,1.358,1.365,1.318,
F,,1.216,1.269,1.258,1.245,1.255,1.291,1.248,1.255,1.276,1.282,
G,,1.266,1.302,1.258,1.234,1.264,1.226,1.27,1.266,1.253,1.284,
H,,,,,,,,,,,,

Cycle 142 (60 h 36 min)
Raw Data (600)

,1,2,3,4,5,6,7,8,9,10,11,12,
A,,,,,,,,,,,,
B,,1.251,1.282,1.29,1.304,1.333,1.278,1.331,1.329,1.358,1.333,
C,,1.284,1.302,1.311,1.311,1.235,1.241,1.218,1.25,1.237,1.378,
D,,1.306,1.289,1.362,1.307,1.355,1.303,1.37,1.366,1.383,1.35,
E,,1.296,1.32,1.306,1.344,1.348,1.333,1.351,1.361,1.359,1.319,
F,,1.218,1.269,1.256,1.246,1.255,1.285,1.249,1.256,1.266,1.282,
G,,1.266,1.309,1.262,1.236,1.256,1.224,1.271,1.269,1.253,1.286,
H,,,,,,,,,,,,

Cycle 143 (61 h 1 min)
Raw Data (600)

,1,2,3,4,5,6,7,8,9,10,11,12,
A,,,,,,,,,,,,
B,,1.254,1.281,1.287,1.304,1.336,1.278,1.331,1.322,1.359,1.334,
C,,1.288,1.302,1.318,1.314,1.233,1.241,1.205,1.252,1.234,1.381,
D,,1.3,1.288,1.358,1.312,1.355,1.297,1.382,1.362,1.381,1.35,
E,,1.299,1.314,1.303,1.342,1.342,1.327,1.345,1.361,1.353,1.32,
F,,1.21,1.264,1.257,1.248,1.255,1.284,1.252,1.255,1.266,1.283,
G,,1.265,1.31,1.26,1.234,1.26,1.228,1.268,1.266,1.253,1.285,
H,,,,,,,,,,,,

Cycle 144 (61 h 27 min)
Raw Data (600)

,1,2,3,4,5,6,7,8,9,10,11,12,
A,,,,,,,,,,,,
B,,1.255,1.281,1.288,1.302,1.336,1.28,1.331,1.327,1.358,1.337,
C,,1.296,1.303,1.313,1.308,1.233,1.237,1.21,1.248,1.233,1.375,
D,,1.312,1.287,1.355,1.315,1.356,1.298,1.381,1.364,1.384,1.351,
E,,1.295,1.319,1.303,1.338,1.352,1.324,1.345,1.359,1.359,1.318,
F,,1.213,1.269,1.255,1.25,1.257,1.29,1.249,1.253,1.272,1.284,
G,,1.263,1.303,1.259,1.237,1.262,1.22,1.267,1.268,1.251,1.286,
H,,,,,,,,,,,,

Cycle 145 (61 h 53 min)
Raw Data (600)

,1,2,3,4,5,6,7,8,9,10,11,12,
A,,,,,,,,,,,,
B,,1.255,1.279,1.286,1.306,1.333,1.273,1.331,1.324,1.359,1.332,
C,,1.289,1.298,1.309,1.313,1.239,1.238,1.213,1.25,1.227,1.377,
D,,1.298,1.289,1.356,1.312,1.355,1.302,1.376,1.361,1.382,1.35,
E,,1.295,1.317,1.303,1.341,1.349,1.321,1.343,1.361,1.364,1.318,
F,,1.213,1.266,1.254,1.254,1.256,1.288,1.249,1.25,1.262,1.281,
G,,1.263,1.306,1.257,1.234,1.259,1.225,1.262,1.256,1.255,1.285,
H,,,,,,,,,,,,

Cycle 146 (62 h 19 min)
Raw Data (600)

,1,2,3,4,5,6,7,8,9,10,11,12,
A,,,,,,,,,,,,
B,,1.253,1.278,1.285,1.303,1.33,1.275,1.33,1.327,1.359,1.34,
C,,1.29,1.299,1.311,1.309,1.234,1.238,1.206,1.251,1.229,1.376,
D,,1.3,1.288,1.355,1.312,1.353,1.299,1.377,1.358,1.38,1.35,
E,,1.295,1.317,1.303,1.342,1.354,1.321,1.344,1.358,1.352,1.321,
F,,1.215,1.266,1.256,1.247,1.257,1.286,1.249,1.249,1.269,1.283,
G,,1.264,1.305,1.261,1.234,1.262,1.229,1.262,1.266,1.25,1.285,
H,,,,,,,,,,,,

Cycle 147 (62 h 45 min)
Raw Data (600)

,1,2,3,4,5,6,7,8,9,10,11,12,
A,,,,,,,,,,,,
B,,1.252,1.282,1.289,1.301,1.331,1.273,1.326,1.328,1.356,1.335,
C,,1.292,1.303,1.312,1.309,1.236,1.239,1.2,1.248,1.229,1.373,
D,,1.298,1.286,1.357,1.308,1.358,1.295,1.376,1.361,1.379,1.349,
E,,1.293,1.313,1.302,1.343,1.348,1.319,1.343,1.359,1.361,1.319,
F,,1.21,1.262,1.254,1.246,1.255,1.283,1.246,1.249,1.268,1.28,
G,,1.264,1.302,1.261,1.232,1.267,1.226,1.272,1.266,1.251,1.28,
H,,,,,,,,,,,,

Cycle 148 (63 h 10 min)
Raw Data (600)

,1,2,3,4,5,6,7,8,9,10,11,12,
A,,,,,,,,,,,,
B,,1.249,1.277,1.287,1.303,1.332,1.27,1.331,1.324,1.355,1.336,
C,,1.292,1.297,1.31,1.305,1.231,1.232,1.208,1.243,1.226,1.376,
D,,1.305,1.295,1.351,1.308,1.35,1.294,1.369,1.357,1.38,1.347,
E,,1.293,1.314,1.301,1.335,1.346,1.317,1.34,1.359,1.357,1.317,
F,,1.212,1.26,1.253,1.241,1.259,1.282,1.246,1.242,1.266,1.281,
G,,1.262,1.301,1.257,1.234,1.261,1.225,1.267,1.268,1.246,1.278,
H,,,,,,,,,,,,

Cycle 149 (63 h 36 min)
Raw Data (600)

,1,2,3,4,5,6,7,8,9,10,11,12,
A,,,,,,,,,,,,
B,,1.25,1.28,1.284,1.299,1.333,1.277,1.326,1.327,1.361,1.337,
C,,1.289,1.299,1.31,1.313,1.231,1.23,1.201,1.244,1.227,1.374,
D,,1.302,1.289,1.356,1.312,1.352,1.293,1.371,1.356,1.372,1.34,
E,,1.293,1.316,1.304,1.341,1.35,1.32,1.343,1.355,1.356,1.316,
F,,1.21,1.265,1.254,1.242,1.254,1.279,1.241,1.246,1.268,1.281,
G,,1.262,1.303,1.258,1.235,1.254,1.224,1.262,1.266,1.249,1.278,
H,,,,,,,,,,,,

Cycle 150 (64 h 2 min)
Raw Data (600)

,1,2,3,4,5,6,7,8,9,10,11,12,
A,,,,,,,,,,,,
B,,1.251,1.281,1.286,1.306,1.332,1.274,1.322,1.327,1.357,1.33,
C,,1.288,1.3,1.308,1.305,1.228,1.234,1.202,1.244,1.226,1.37,
D,,1.3,1.29,1.354,1.313,1.351,1.295,1.372,1.352,1.37,1.342,
E,,1.292,1.316,1.3,1.336,1.345,1.319,1.339,1.35,1.356,1.314,
F,,1.212,1.265,1.254,1.24,1.251,1.284,1.239,1.241,1.268,1.281,
G,,1.261,1.307,1.259,1.234,1.262,1.223,1.262,1.257,1.245,1.28,
H,,,,,,,,,,,,

Cycle 151 (64 h 28 min)
Raw Data (600)

,1,2,3,4,5,6,7,8,9,10,11,12,
A,,,,,,,,,,,,
B,,1.248,1.282,1.284,1.302,1.33,1.277,1.326,1.322,1.359,1.325,
C,,1.293,1.3,1.31,1.302,1.232,1.236,1.207,1.242,1.227,1.374,
D,,1.298,1.284,1.352,1.313,1.358,1.297,1.371,1.355,1.375,1.341,
E,,1.295,1.315,1.302,1.336,1.339,1.319,1.342,1.352,1.353,1.313,
F,,1.21,1.264,1.256,1.25,1.261,1.281,1.239,1.243,1.265,1.28,
G,,1.262,1.301,1.258,1.234,1.258,1.232,1.272,1.261,1.247,1.278,
H,,,,,,,,,,,,

Cycle 152 (64 h 54 min)
Raw Data (600)

,1,2,3,4,5,6,7,8,9,10,11,12,
A,,,,,,,,,,,,
B,,1.249,1.278,1.284,1.303,1.333,1.28,1.323,1.325,1.356,1.333,
C,,1.291,1.296,1.305,1.308,1.228,1.234,1.208,1.246,1.225,1.371,
D,,1.301,1.283,1.353,1.31,1.355,1.293,1.377,1.359,1.374,1.338,
E,,1.291,1.312,1.3,1.337,1.343,1.324,1.338,1.351,1.351,1.311,
F,,1.211,1.262,1.258,1.242,1.261,1.284,1.247,1.246,1.262,1.275,
G,,1.26,1.301,1.258,1.232,1.26,1.221,1.267,1.259,1.245,1.276,
H,,,,,,,,,,,,

Cycle 153 (65 h 20 min)
Raw Data (600)

,1,2,3,4,5,6,7,8,9,10,11,12,
A,,,,,,,,,,,,
B,,1.248,1.278,1.284,1.301,1.331,1.277,1.325,1.323,1.354,1.331,
C,,1.287,1.3,1.311,1.311,1.229,1.233,1.202,1.248,1.226,1.37,
D,,1.302,1.286,1.354,1.304,1.353,1.292,1.367,1.351,1.372,1.341,
E,,1.292,1.314,1.298,1.336,1.345,1.326,1.336,1.351,1.355,1.311,
F,,1.209,1.262,1.251,1.242,1.253,1.286,1.24,1.247,1.267,1.278,
G,,1.262,1.302,1.257,1.231,1.26,1.224,1.261,1.256,1.247,1.274,
H,,,,,,,,,,,,

Cycle 154 (65 h 46 min)
Raw Data (600)

,1,2,3,4,5,6,7,8,9,10,11,12,
A,,,,,,,,,,,,
B,,1.246,1.275,1.286,1.3,1.331,1.275,1.327,1.323,1.356,1.332,
C,,1.287,1.3,1.309,1.309,1.231,1.232,1.2,1.241,1.23,1.373,
D,,1.304,1.285,1.352,1.311,1.358,1.293,1.365,1.355,1.372,1.339,
E,,1.29,1.311,1.301,1.337,1.338,1.321,1.337,1.351,1.352,1.309,
F,,1.207,1.264,1.256,1.243,1.252,1.283,1.238,1.242,1.269,1.28,
G,,1.261,1.305,1.258,1.234,1.265,1.222,1.264,1.258,1.244,1.276,
H,,,,,,,,,,,,

Cycle 155 (66 h 11 min)
Raw Data (600)

,1,2,3,4,5,6,7,8,9,10,11,12,
A,,,,,,,,,,,,
B,,1.249,1.281,1.281,1.301,1.33,1.275,1.325,1.323,1.357,1.33,
C,,1.292,1.299,1.305,1.307,1.232,1.232,1.203,1.241,1.228,1.374,
D,,1.302,1.284,1.354,1.31,1.352,1.296,1.367,1.353,1.374,1.343,
E,,1.291,1.314,1.301,1.343,1.344,1.325,1.339,1.354,1.351,1.31,
F,,1.207,1.261,1.25,1.243,1.26,1.282,1.244,1.244,1.265,1.282,
G,,1.259,1.3,1.256,1.233,1.265,1.226,1.267,1.259,1.243,1.275,
H,,,,,,,,,,,,

Cycle 156 (66 h 37 min)
Raw Data (600)

,1,2,3,4,5,6,7,8,9,10,11,12,
A,,,,,,,,,,,,
B,,1.246,1.273,1.282,1.3,1.324,1.272,1.326,1.316,1.356,1.334,
C,,1.292,1.296,1.305,1.311,1.23,1.236,1.206,1.245,1.225,1.369,
D,,1.299,1.284,1.353,1.3,1.349,1.294,1.365,1.354,1.373,1.34,
E,,1.289,1.311,1.3,1.339,1.343,1.314,1.341,1.357,1.347,1.309,
F,,1.208,1.257,1.253,1.247,1.254,1.283,1.248,1.245,1.261,1.282,
G,,1.256,1.299,1.259,1.233,1.256,1.225,1.261,1.263,1.243,1.271,
H,,,,,,,,,,,,

Cycle 157 (67 h 3 min)
Raw Data (600)

,1,2,3,4,5,6,7,8,9,10,11,12,
A,,,,,,,,,,,,
B,,1.247,1.275,1.282,1.3,1.327,1.271,1.324,1.32,1.351,1.333,
C,,1.286,1.298,1.301,1.301,1.234,1.235,1.204,1.24,1.226,1.371,
D,,1.296,1.283,1.35,1.313,1.347,1.29,1.376,1.355,1.373,1.335,
E,,1.286,1.312,1.299,1.34,1.341,1.315,1.335,1.348,1.343,1.307,
F,,1.206,1.259,1.254,1.252,1.252,1.285,1.244,1.239,1.26,1.275,
G,,1.256,1.294,1.256,1.234,1.256,1.224,1.261,1.257,1.239,1.274,
H,,,,,,,,,,,,

Cycle 158 (67 h 29 min)
Raw Data (600)

,1,2,3,4,5,6,7,8,9,10,11,12,
A,,,,,,,,,,,,
B,,1.246,1.278,1.281,1.3,1.328,1.275,1.323,1.321,1.354,1.325,
C,,1.284,1.298,1.307,1.302,1.227,1.232,1.206,1.246,1.228,1.371,
D,,1.299,1.286,1.352,1.308,1.353,1.293,1.37,1.355,1.37,1.338,
E,,1.287,1.31,1.3,1.338,1.337,1.319,1.341,1.348,1.341,1.308,
F,,1.206,1.259,1.25,1.244,1.253,1.287,1.249,1.247,1.261,1.277,
G,,1.255,1.298,1.255,1.232,1.256,1.22,1.267,1.265,1.243,1.27,
H,,,,,,,,,,,,

Cycle 159 (67 h 55 min)
Raw Data (600)

,1,2,3,4,5,6,7,8,9,10,11,12,
A,,,,,,,,,,,,
B,,1.251,1.279,1.283,1.299,1.326,1.276,1.322,1.323,1.353,1.331,
C,,1.287,1.292,1.307,1.308,1.234,1.236,1.211,1.244,1.225,1.369,
D,,1.297,1.282,1.351,1.301,1.351,1.292,1.368,1.353,1.37,1.335,
E,,1.289,1.311,1.299,1.338,1.337,1.318,1.338,1.35,1.349,1.308,
F,,1.206,1.261,1.256,1.249,1.254,1.285,1.245,1.244,1.26,1.28,
G,,1.257,1.299,1.257,1.231,1.255,1.218,1.261,1.253,1.24,1.271,
H,,,,,,,,,,,,

Cycle 160 (68 h 21 min)
Raw Data (600)

,1,2,3,4,5,6,7,8,9,10,11,12,
A,,,,,,,,,,,,
B,,1.246,1.279,1.282,1.301,1.327,1.277,1.323,1.319,1.351,1.328,
C,,1.289,1.293,1.309,1.3,1.23,1.238,1.208,1.243,1.228,1.367,
D,,1.296,1.286,1.349,1.306,1.352,1.294,1.375,1.353,1.371,1.333,
E,,1.287,1.312,1.298,1.338,1.341,1.321,1.34,1.356,1.351,1.305,
F,,1.203,1.259,1.247,1.241,1.25,1.286,1.244,1.243,1.26,1.275,
G,,1.256,1.299,1.256,1.232,1.25,1.224,1.26,1.26,1.24,1.268,
H,,,,,,,,,,,,

Cycle 161 (68 h 46 min)
Raw Data (600)

,1,2,3,4,5,6,7,8,9,10,11,12,
A,,,,,,,,,,,,
B,,1.246,1.275,1.282,1.3,1.324,1.275,1.322,1.32,1.352,1.322,
C,,1.287,1.296,1.308,1.304,1.228,1.233,1.202,1.248,1.225,1.363,
D,,1.296,1.285,1.353,1.305,1.348,1.292,1.368,1.355,1.374,1.335,
E,,1.287,1.311,1.297,1.331,1.34,1.318,1.337,1.352,1.35,1.301,
F,,1.208,1.258,1.248,1.241,1.255,1.283,1.239,1.242,1.262,1.27,
G,,1.256,1.294,1.254,1.234,1.257,1.22,1.257,1.255,1.243,1.268,
H,,,,,,,,,,,,

Cycle 162 (69 h 12 min)
Raw Data (600)

,1,2,3,4,5,6,7,8,9,10,11,12,
A,,,,,,,,,,,,
B,,1.246,1.281,1.285,1.301,1.327,1.271,1.315,1.318,1.352,1.328,
C,,1.29,1.298,1.309,1.305,1.23,1.233,1.2,1.25,1.227,1.362,
D,,1.295,1.287,1.354,1.3,1.35,1.294,1.372,1.353,1.372,1.334,
E,,1.286,1.313,1.298,1.34,1.342,1.32,1.336,1.349,1.348,1.302,
F,,1.205,1.259,1.252,1.242,1.252,1.287,1.244,1.247,1.26,1.277,
G,,1.253,1.293,1.255,1.23,1.27,1.222,1.258,1.259,1.24,1.272,
H,,,,,,,,,,,,

Cycle 163 (69 h 38 min)
Raw Data (600)

,1,2,3,4,5,6,7,8,9,10,11,12,
A,,,,,,,,,,,,
B,,1.248,1.273,1.283,1.298,1.327,1.277,1.319,1.316,1.353,1.329,
C,,1.286,1.294,1.308,1.299,1.225,1.239,1.208,1.244,1.23,1.369,
D,,1.3,1.285,1.353,1.296,1.35,1.295,1.374,1.351,1.371,1.333,
E,,1.287,1.311,1.298,1.341,1.34,1.317,1.34,1.346,1.35,1.306,
F,,1.207,1.258,1.252,1.247,1.25,1.281,1.246,1.246,1.262,1.272,
G,,1.258,1.296,1.256,1.23,1.256,1.226,1.258,1.258,1.244,1.269,
H,,,,,,,,,,,,

Cycle 164 (70 h 4 min)
Raw Data (600)

,1,2,3,4,5,6,7,8,9,10,11,12,
A,,,,,,,,,,,,
B,,1.246,1.272,1.281,1.3,1.328,1.27,1.317,1.317,1.352,1.326,
C,,1.29,1.294,1.305,1.3,1.228,1.237,1.201,1.247,1.225,1.36,
D,,1.294,1.286,1.354,1.3,1.349,1.292,1.375,1.355,1.371,1.331,
E,,1.286,1.311,1.3,1.336,1.333,1.319,1.34,1.348,1.346,1.297,
F,,1.206,1.256,1.252,1.247,1.253,1.284,1.242,1.243,1.264,1.268,
G,,1.252,1.294,1.258,1.23,1.257,1.227,1.253,1.252,1.241,1.27,
H,,,,,,,,,,,,

Cycle 165 (70 h 30 min)
Raw Data (600)

,1,2,3,4,5,6,7,8,9,10,11,12,
A,,,,,,,,,,,,
B,,1.247,1.271,1.28,1.3,1.327,1.281,1.32,1.306,1.353,1.329,
C,,1.29,1.294,1.305,1.306,1.226,1.236,1.208,1.243,1.225,1.371,
D,,1.289,1.286,1.352,1.301,1.355,1.295,1.364,1.352,1.367,1.331,
E,,1.283,1.312,1.302,1.335,1.343,1.322,1.339,1.348,1.354,1.298,
F,,1.201,1.259,1.252,1.246,1.252,1.284,1.243,1.244,1.265,1.274,
G,,1.253,1.296,1.257,1.23,1.25,1.227,1.267,1.252,1.243,1.268,
H,,,,,,,,,,,,

Cycle 166 (70 h 56 min)
Raw Data (600)

,1,2,3,4,5,6,7,8,9,10,11,12,
A,,,,,,,,,,,,
B,,1.248,1.275,1.282,1.303,1.321,1.269,1.319,1.335,1.354,1.325,
C,,1.288,1.29,1.306,1.302,1.227,1.236,1.204,1.244,1.228,1.369,
D,,1.292,1.286,1.348,1.296,1.351,1.292,1.37,1.354,1.368,1.33,
E,,1.283,1.307,1.3,1.337,1.337,1.315,1.334,1.349,1.345,1.3,
F,,1.207,1.253,1.253,1.244,1.249,1.283,1.246,1.244,1.264,1.267,
G,,1.253,1.299,1.256,1.226,1.246,1.225,1.255,1.254,1.238,1.266,
H,,,,,,,,,,,,

Cycle 167 (71 h 21 min)
Raw Data (600)

,1,2,3,4,5,6,7,8,9,10,11,12,
A,,,,,,,,,,,,
B,,1.244,1.275,1.28,1.298,1.329,1.272,1.317,1.31,1.351,1.325,
C,,1.286,1.297,1.303,1.301,1.227,1.234,1.2,1.249,1.226,1.364,
D,,1.293,1.285,1.351,1.303,1.351,1.294,1.374,1.358,1.372,1.329,
E,,1.284,1.313,1.296,1.337,1.339,1.315,1.337,1.349,1.345,1.297,
F,,1.204,1.256,1.251,1.245,1.252,1.281,1.242,1.244,1.264,1.272,
G,,1.252,1.293,1.256,1.23,1.248,1.222,1.255,1.253,1.239,1.263,
H,,,,,,,,,,,,

Cycle 168 (71 h 47 min)
Raw Data (600)

,1,2,3,4,5,6,7,8,9,10,11,12,
A,,,,,,,,,,,,
B,,1.245,1.275,1.283,1.298,1.332,1.276,1.32,1.311,1.349,1.315,
C,,1.289,1.292,1.305,1.304,1.231,1.233,1.202,1.244,1.222,1.366,
D,,1.296,1.283,1.347,1.296,1.345,1.29,1.366,1.348,1.367,1.33,
E,,1.282,1.309,1.295,1.333,1.335,1.314,1.335,1.347,1.345,1.3,
F,,1.204,1.256,1.249,1.244,1.253,1.286,1.244,1.243,1.261,1.271,
G,,1.252,1.296,1.256,1.229,1.253,1.224,1.255,1.249,1.239,1.265,
H,,,,,,,,,,,,

Cycle 169 (72 h 13 min)
Raw Data (600)

,1,2,3,4,5,6,7,8,9,10,11,12,
A,,,,,,,,,,,,
B,,1.247,1.274,1.281,1.299,1.333,1.273,1.322,1.319,1.347,1.32,
C,,1.285,1.291,1.299,1.295,1.229,1.238,1.205,1.244,1.221,1.363,
D,,1.29,1.281,1.347,1.299,1.35,1.289,1.362,1.345,1.365,1.33,
E,,1.284,1.309,1.296,1.332,1.337,1.315,1.335,1.351,1.344,1.296,
F,,1.198,1.253,1.25,1.244,1.254,1.282,1.245,1.242,1.26,1.275,
G,,1.251,1.294,1.256,1.229,1.253,1.221,1.255,1.254,1.241,1.265,
H,,,,,,,,,,,,

Cycle 170 (72 h 39 min)
Raw Data (600)

,1,2,3,4,5,6,7,8,9,10,11,12,
A,,,,,,,,,,,,
B,,1.246,1.271,1.28,1.299,1.332,1.269,1.318,1.315,1.347,1.325,
C,,1.284,1.292,1.301,1.302,1.228,1.238,1.205,1.244,1.223,1.362,
D,,1.29,1.283,1.347,1.303,1.343,1.289,1.372,1.349,1.368,1.327,
E,,1.284,1.306,1.297,1.331,1.328,1.31,1.334,1.351,1.349,1.297,
F,,1.204,1.254,1.249,1.24,1.246,1.284,1.246,1.244,1.261,1.273,
G,,1.253,1.293,1.258,1.23,1.253,1.225,1.257,1.25,1.241,1.265,
H,,,,,,,,,,,,

Cycle 171 (73 h 5 min)
Raw Data (600)

,1,2,3,4,5,6,7,8,9,10,11,12,
A,,,,,,,,,,,,
B,,1.246,1.275,1.278,1.298,1.333,1.273,1.323,1.311,1.342,1.315,
C,,1.282,1.292,1.299,1.3,1.223,1.232,1.206,1.241,1.221,1.365,
D,,1.29,1.283,1.347,1.298,1.347,1.29,1.366,1.349,1.369,1.327,
E,,1.282,1.309,1.294,1.336,1.342,1.318,1.331,1.349,1.339,1.294,
F,,1.2,1.251,1.249,1.246,1.25,1.289,1.243,1.24,1.26,1.267,
G,,1.247,1.292,1.253,1.227,1.256,1.227,1.26,1.25,1.24,1.26,
H,,,,,,,,,,,,

Cycle 172 (73 h 31 min)
Raw Data (600)

,1,2,3,4,5,6,7,8,9,10,11,12,
A,,,,,,,,,,,,
B,,1.246,1.273,1.282,1.298,1.324,1.271,1.315,1.312,1.345,1.32,
C,,1.283,1.293,1.304,1.301,1.229,1.232,1.203,1.243,1.224,1.362,
D,,1.291,1.282,1.347,1.293,1.339,1.289,1.369,1.349,1.363,1.326,
E,,1.282,1.307,1.296,1.338,1.339,1.316,1.331,1.345,1.342,1.292,
F,,1.2,1.253,1.251,1.243,1.244,1.283,1.24,1.238,1.258,1.265,
G,,1.249,1.29,1.253,1.228,1.251,1.22,1.251,1.25,1.249,1.26,
H,,,,,,,,,,,,

Cycle 173 (73 h 56 min)
Raw Data (600)

,1,2,3,4,5,6,7,8,9,10,11,12,
A,,,,,,,,,,,,
B,,1.246,1.275,1.278,1.3,1.326,1.274,1.319,1.319,1.349,1.322,
C,,1.282,1.296,1.298,1.301,1.23,1.234,1.206,1.244,1.224,1.362,
D,,1.296,1.283,1.349,1.305,1.346,1.29,1.367,1.348,1.367,1.325,
E,,1.283,1.306,1.298,1.336,1.337,1.31,1.335,1.347,1.335,1.292,
F,,1.201,1.254,1.25,1.248,1.251,1.278,1.242,1.24,1.263,1.274,
G,,1.253,1.293,1.254,1.231,1.252,1.225,1.255,1.255,1.24,1.266,
H,,,,,,,,,,,,

Cycle 174 (74 h 22 min)
Raw Data (600)

,1,2,3,4,5,6,7,8,9,10,11,12,
A,,,,,,,,,,,,
B,,1.247,1.273,1.284,1.295,1.326,1.271,1.317,1.31,1.343,1.322,
C,,1.286,1.293,1.298,1.294,1.228,1.234,1.198,1.24,1.221,1.361,
D,,1.292,1.282,1.344,1.294,1.348,1.289,1.363,1.346,1.359,1.323,
E,,1.282,1.307,1.294,1.329,1.334,1.312,1.334,1.345,1.338,1.291,
F,,1.199,1.253,1.248,1.237,1.249,1.283,1.239,1.24,1.259,1.268,
G,,1.252,1.285,1.251,1.23,1.247,1.225,1.252,1.248,1.244,1.262,
H,,,,,,,,,,,,

Cycle 175 (74 h 48 min)
Raw Data (600)

,1,2,3,4,5,6,7,8,9,10,11,12,
A,,,,,,,,,,,,
B,,1.246,1.273,1.279,1.297,1.322,1.268,1.315,1.311,1.345,1.316,
C,,1.284,1.289,1.297,1.295,1.229,1.234,1.201,1.239,1.224,1.358,
D,,1.289,1.282,1.347,1.298,1.345,1.289,1.359,1.348,1.362,1.319,
E,,1.28,1.308,1.296,1.33,1.334,1.308,1.335,1.35,1.341,1.289,
F,,1.202,1.254,1.249,1.241,1.244,1.28,1.24,1.243,1.257,1.265,
G,,1.252,1.286,1.252,1.228,1.248,1.223,1.252,1.25,1.238,1.261,
H,,,,,,,,,,,,

Cycle 176 (75 h 14 min)
Raw Data (600)

,1,2,3,4,5,6,7,8,9,10,11,12,
A,,,,,,,,,,,,
B,,1.248,1.27,1.28,1.301,1.324,1.266,1.319,1.311,1.344,1.321,
C,,1.286,1.293,1.304,1.301,1.228,1.232,1.198,1.244,1.22,1.362,
D,,1.289,1.279,1.346,1.297,1.341,1.288,1.365,1.349,1.365,1.323,
E,,1.283,1.306,1.294,1.331,1.334,1.306,1.337,1.347,1.335,1.302,
F,,1.2,1.252,1.251,1.245,1.255,1.28,1.245,1.242,1.262,1.267,
G,,1.25,1.288,1.25,1.228,1.257,1.227,1.259,1.254,1.236,1.263,
H,,,,,,,,,,,,

Cycle 177 (75 h 40 min)
Raw Data (600)

,1,2,3,4,5,6,7,8,9,10,11,12,
A,,,,,,,,,,,,
B,,1.242,1.272,1.278,1.298,1.325,1.271,1.316,1.315,1.343,1.317,
C,,1.281,1.288,1.296,1.295,1.222,1.229,1.198,1.239,1.22,1.36,
D,,1.291,1.278,1.344,1.295,1.346,1.288,1.361,1.343,1.362,1.319,
E,,1.282,1.306,1.296,1.326,1.333,1.311,1.332,1.343,1.341,1.295,
F,,1.194,1.254,1.244,1.245,1.246,1.277,1.242,1.241,1.26,1.27,
G,,1.252,1.289,1.25,1.228,1.276,1.229,1.253,1.245,1.239,1.263,
H,,,,,,,,,,,,

Cycle 178 (76 h 6 min)
Raw Data (600)

,1,2,3,4,5,6,7,8,9,10,11,12,
A,,,,,,,,,,,,
B,,1.244,1.273,1.281,1.3,1.321,1.264,1.313,1.315,1.345,1.318,
C,,1.282,1.292,1.302,1.299,1.228,1.232,1.203,1.241,1.218,1.358,
D,,1.286,1.282,1.345,1.299,1.342,1.289,1.362,1.348,1.363,1.32,
E,,1.28,1.306,1.293,1.331,1.338,1.31,1.327,1.346,1.345,1.291,
F,,1.198,1.253,1.252,1.246,1.25,1.283,1.239,1.241,1.257,1.267,
G,,1.247,1.297,1.251,1.224,1.247,1.223,1.257,1.249,1.242,1.262,
H,,,,,,,,,,,,

Cycle 179 (76 h 32 min)
Raw Data (600)

,1,2,3,4,5,6,7,8,9,10,11,12,
A,,,,,,,,,,,,
B,,1.24,1.271,1.282,1.298,1.321,1.267,1.318,1.313,1.343,1.316,
C,,1.283,1.287,1.3,1.3,1.226,1.23,1.199,1.24,1.22,1.362,
D,,1.292,1.28,1.344,1.294,1.347,1.286,1.361,1.348,1.359,1.322,
E,,1.278,1.306,1.294,1.332,1.332,1.315,1.33,1.343,1.338,1.287,
F,,1.195,1.251,1.25,1.244,1.253,1.28,1.238,1.24,1.261,1.262,
G,,1.246,1.281,1.252,1.226,1.25,1.222,1.257,1.249,1.232,1.255,
H,,,,,,,,,,,,

Cycle 180 (76 h 58 min)
Raw Data (600)

,1,2,3,4,5,6,7,8,9,10,11,12,
A,,,,,,,,,,,,
B,,1.239,1.274,1.278,1.297,1.321,1.265,1.314,1.31,1.343,1.318,
C,,1.281,1.285,1.296,1.294,1.229,1.234,1.203,1.236,1.218,1.359,
D,,1.283,1.281,1.343,1.294,1.34,1.284,1.364,1.344,1.36,1.319,
E,,1.276,1.302,1.294,1.331,1.333,1.306,1.333,1.344,1.34,1.289,
F,,1.195,1.251,1.25,1.247,1.248,1.278,1.243,1.244,1.264,1.267,
G,,1.246,1.288,1.251,1.224,1.243,1.221,1.251,1.254,1.239,1.26,
H,,,,,,,,,,,,

Cycle 181 (77 h 23 min)
Raw Data (600)

,1,2,3,4,5,6,7,8,9,10,11,12,
A,,,,,,,,,,,,
B,,1.244,1.274,1.28,1.3,1.32,1.26,1.312,1.315,1.343,1.318,
C,,1.278,1.288,1.3,1.291,1.223,1.233,1.205,1.239,1.22,1.36,
D,,1.285,1.28,1.341,1.296,1.347,1.282,1.363,1.342,1.357,1.317,
E,,1.279,1.305,1.295,1.338,1.338,1.311,1.331,1.347,1.338,1.288,
F,,1.196,1.252,1.244,1.24,1.246,1.28,1.241,1.241,1.257,1.267,
G,,1.246,1.288,1.249,1.224,1.247,1.22,1.253,1.251,1.234,1.257,
H,,,,,,,,,,,,

Cycle 182 (77 h 49 min)
Raw Data (600)

,1,2,3,4,5,6,7,8,9,10,11,12,
A,,,,,,,,,,,,
B,,1.244,1.27,1.278,1.296,1.318,1.261,1.315,1.31,1.346,1.319,
C,,1.277,1.291,1.305,1.296,1.226,1.23,1.199,1.238,1.223,1.359,
D,,1.288,1.278,1.34,1.293,1.341,1.285,1.36,1.347,1.361,1.317,
E,,1.28,1.304,1.294,1.327,1.329,1.309,1.327,1.341,1.337,1.288,
F,,1.196,1.249,1.244,1.242,1.246,1.28,1.242,1.238,1.254,1.265,
G,,1.246,1.281,1.248,1.224,1.248,1.221,1.251,1.25,1.242,1.254,
H,,,,,,,,,,,,

Cycle 183 (78 h 15 min)
Raw Data (600)

,1,2,3,4,5,6,7,8,9,10,11,12,
A,,,,,,,,,,,,
B,,1.242,1.269,1.278,1.296,1.318,1.267,1.316,1.309,1.343,1.311,
C,,1.287,1.29,1.296,1.293,1.225,1.232,1.194,1.238,1.217,1.353,
D,,1.286,1.281,1.343,1.294,1.344,1.283,1.367,1.342,1.357,1.313,
E,,1.277,1.303,1.293,1.33,1.328,1.309,1.331,1.344,1.339,1.281,
F,,1.195,1.255,1.246,1.237,1.246,1.28,1.234,1.236,1.261,1.266,
G,,1.245,1.286,1.248,1.226,1.246,1.221,1.256,1.252,1.235,1.254,
H,,,,,,,,,,,,

Cycle 184 (78 h 41 min)
Raw Data (600)

,1,2,3,4,5,6,7,8,9,10,11,12,
A,,,,,,,,,,,,
B,,1.244,1.271,1.278,1.294,1.316,1.265,1.31,1.311,1.343,1.316,
C,,1.284,1.289,1.302,1.292,1.223,1.23,1.194,1.234,1.22,1.354,
D,,1.291,1.279,1.341,1.296,1.346,1.281,1.362,1.343,1.355,1.311,
E,,1.278,1.305,1.294,1.324,1.34,1.305,1.327,1.342,1.332,1.284,
F,,1.197,1.251,1.249,1.237,1.249,1.274,1.236,1.237,1.254,1.263,
G,,1.245,1.289,1.248,1.224,1.244,1.223,1.248,1.242,1.24,1.258,
H,,,,,,,,,,,,

Cycle 185 (79 h 7 min)
Raw Data (600)

,1,2,3,4,5,6,7,8,9,10,11,12,
A,,,,,,,,,,,,
B,,1.243,1.268,1.277,1.295,1.316,1.269,1.31,1.305,1.343,1.314,
C,,1.278,1.29,1.303,1.293,1.221,1.23,1.193,1.235,1.217,1.356,
D,,1.287,1.28,1.342,1.298,1.346,1.285,1.361,1.343,1.355,1.311,
E,,1.277,1.306,1.297,1.329,1.329,1.308,1.33,1.339,1.333,1.286,
F,,1.199,1.252,1.246,1.241,1.25,1.278,1.239,1.239,1.253,1.26,
G,,1.247,1.29,1.251,1.225,1.246,1.226,1.246,1.248,1.237,1.253,
H,,,,,,,,,,,,

Cycle 186 (79 h 33 min)
Raw Data (600)

,1,2,3,4,5,6,7,8,9,10,11,12,
A,,,,,,,,,,,,
B,,1.242,1.273,1.279,1.294,1.317,1.268,1.312,1.311,1.341,1.314,
C,,1.284,1.287,1.298,1.293,1.221,1.231,1.2,1.238,1.22,1.351,
D,,1.282,1.28,1.338,1.296,1.345,1.284,1.364,1.34,1.354,1.308,
E,,1.276,1.302,1.293,1.326,1.329,1.307,1.331,1.345,1.335,1.28,
F,,1.197,1.251,1.247,1.233,1.244,1.278,1.24,1.242,1.25,1.256,
G,,1.244,1.288,1.251,1.224,1.25,1.221,1.247,1.25,1.238,1.254,
H,,,,,,,,,,,,

Cycle 187 (79 h 59 min)
Raw Data (600)

,1,2,3,4,5,6,7,8,9,10,11,12,
A,,,,,,,,,,,,
B,,1.241,1.268,1.276,1.295,1.317,1.271,1.31,1.302,1.339,1.31,
C,,1.281,1.286,1.293,1.291,1.224,1.227,1.2,1.235,1.214,1.357,
D,,1.282,1.277,1.337,1.301,1.336,1.279,1.357,1.335,1.356,1.313,
E,,1.273,1.301,1.292,1.324,1.321,1.308,1.325,1.338,1.335,1.28,
F,,1.193,1.25,1.245,1.241,1.246,1.271,1.237,1.232,1.257,1.261,
G,,1.246,1.282,1.249,1.224,1.244,1.221,1.25,1.246,1.237,1.254,
H,,,,,,,,,,,,

